Ru.,PSl.,1,2,3,4,5,6,7,8,9,10,11,12,13,14,15,16,17,18,19,20,21,22,23,24,25,26,27,28,29,30,31,32,33,34,35,36,37,38,39,40,41,42,43,44,45,46,47,48,49,50,51,52,53,54,55,56,57,58,59,60,61,62,63,64,65,66,67,68,69,70,71,cf,loanwords
бдe̠ть / bdʼe̠tʼ,*budē̠˙tēj,,,*budē̠˙tẹ̄,,,*budē̠˙tī,,,,,,,,,,,,,,,,,,,,*budě̠̄˙tī,*bъdě̠̄˙tī,*bъdě̠̄˙ti,,,*bъdʼě̠̄˙tʼi,,,*bъ1dʼě̠̄˙tʼi,,,*bъ1dʼě̠̄tʼi,,,,,,,,,,,*bdʼě̠̄tʼi,,,,,,,,,,,,,,,,,*bdʼě̠tʼ,,,,,bdʼe̠tʼ,,"vgl. блюстu̠, будu̠ть",
бe̠ден / bʼe̠dʼɪn,*ba̠jdinu,,,*bē̠dinu,,,,,,,,*bēdi̠nu,,,,,,,,,,,,,,,*bě̄di̠nu,*bě̄dь̠nъ,,,,*bʼě̄dʼь̠nъ,,,*bʼě̄dʼь̠2nъ1,,,,,,,,,,,,,,*bʼě̄dʼь̠2n,,,,*bʼě̄dʼe̠n,,,,,,,,,,,,,*bʼědʼe̠n,,bʼe̠dʼɪn,,,,,,
белa̠ / bʼɪla̠,*bē̠lā˙,,,,,,,,,,,*bēlā̠˙,,,,,,,,,,,,,,,*bě̄lā̠˙,,*bě̄la̠,,,*bʼě̄la̠,,,,,,,,,,,,,,,,,,,,,,,,,,,,,,,,,,*bʼěla̠,,bʼɪla̠,,,,,vgl. белo̠,
белo̠ / bʼɪlo̠,*bē̠la,,,,,,,,,,,*bēla̠,,,,,,,,,,,,*bēlo̠,,,*bě̄lo̠,,,,,*bʼě̄lo̠,,,,,,,,,,,,,*bʼě̄lô̠,,,,,,,,,,,,,,,,,,,,,*bʼělô̠,,*bʼɪlô̠,,,,bʼɪlo̠,vgl. белa̠,
берё̠за / bʼɪrʼo̠zə,*be̠r˙zā˙,,,,,,,,,,,,*be̠r˙zā,,,,,,,,,,*bere̠zā,,,,,,*bere̠za,,,*bʼerʼe̠za,,,,,,,,,,,,,,,,,,,,,,,,,,,,*bʼerʼo̠za,,,,,,,,bʼɪrʼo̠zə,,,,,,
берe̠мя / bʼɪrʼe̠mʼɪ,*be̠r˙mēn,,,,,,,,,,,,,,,*be̠r˙men,,,,,,,*bere̠men,,,*bere̠mę̄,,,*bere̠mę,,,*bʼerʼe̠mʼę,*bʼerʼe̠mʼa,,,,,,,,,,,,,,,,,,,,,,,,,,,,,,,,,,,bʼɪrʼe̠mʼɪ,,,,,,Nach § 22 entlehnt ist wot. pärämmä.
блoхa̠ / bləxa̠,*blu̠xā˙,,,,,,,,,,,*bluxā̠˙,,,,,,,,,,,,,,,,*blъxā̠˙,*blъxa̠,,,,,,*blъ2xa̠,,,,,,,,,,,,,,,,,,*bloxa̠,,,,,,,,,,,,,,,bləxa̠,,,,,,
блю̠до / blʼu̠də,*bja̠w˙da,,*bje̠w˙da,bjọ̠̄˙da,,,,,*bljọ̠̄˙da,,,,,,,,,,*blˊjọ̠̄˙da,,,,,*blˊjọ̠̄˙do,,,,,,*blˊọ̠̄˙do,,,,,,,,*blˊọ̠̄do,*blˊūdo,,,,,,,,,,,,,*blʼū̠do,,,,,,,,,,,,,,*blʼu̠do,,blʼu̠də,,,,,,
блюстu̠ / blʼusʼtʼi̠,*bjawstē̠j,,*bjewstē̠j,*bjọ̄stẹ̠̄,,,*bjọ̄stī̠,,*bljọ̄stī̠,,,,,,,,,,*blˊjọ̄stī̠,,,,,,,,,,*blˊjọ̄sti̠,*blˊọ̄sti̠,,*blˊọ̄stʼi̠,,,,,,,*blˊūstʼi̠,,,,,,,,,,,,,*blʼūstʼi̠,,,,,,,,,,*blʼūsʼtʼi̠,,,,blʼusʼtʼi̠,,,,,,,"vgl. бдe̠ть, будu̠ть",
бo̠б / bo̠p,*ba̠bu,,,,,,,,,,,*babu̠,,,,,,,,,,,,*bobu̠,,,,*bobъ̠,,,,,,,*bobъ̠1,,*bo̠bъ1,,,,,,,,*bô̠bъ1,,,,*bô̠b,,,,,,,,*bô̠p,,,,,,,,,,,,,,,bo̠p,vgl. бoбa̠,
бoбa̠ / bʌba̠,*ba̠bā,,,,,,,,,,,*babā̠,,,,,,,,,,,,*bobā̠,,,,,*boba̠,,,,,,,,,,,,,,,,,,,,,,,,,,,,,,,,,,,,,,,bʌba̠,,,,,vgl. бo̠б,
бoбё̠р / bʌbʼo̠r,*ba̠bru,,,,,,,,,,,*babru̠,,,,,,,,,,,,*bobru̠,,,,*bobrъ̠,,,*bobьrъ̠,*bobʼьrъ̠,,,*bobʼь2rъ̠1,,*bobʼь̠2rъ1,,,,,,,,,,,,*bobʼь̠2r,,,,,,,,,,,*bobʼo̠r,,,,,,,,bʌbʼo̠r,,,,,,
бo̠г / bo̠k,*bagu,,,,,,,,,,,,,,,,,,,,,,,*bogu,,,,*bogъ,,,,,,,*bogъ1,,,,,,,,,,,,,,*bog,,,,,*bo̠g,,,bo̠k,,,,,,,,,,,,,,,,,
боe̠ц / bʌje̠c,*baji̠ku,*baji̠tˊu,*baji̠tˊi,,,,,,,,,*bajitˊi̠,,*bajicʼi̠,,,,,,,,,,*bojicʼi̠,,,,*bojьcʼь̠,,,,,,,*bojь2cʼь̠1,,bojь̠2cʼь1,,,,,,,,,,,,*bojь̠2cʼ,,,,*boje̠cʼ,,,,,,,,*boje̠c,,,,,,,bʌje̠c,,,,,vgl. бойцы̠,
бойцы̠ / bʌjcy̠,*baji̠kuj,*baji̠tˊuj,*baji̠tˊij,*baji̠tˊī,,,,,,,,*bajitˊī̠,,*bajicʼī̠,,,,,,,,,,*bojicʼī̠,,,,*bojьcʼī̠,*bojьcʼi̠,,,,,,*bojь1cʼi̠,,,,,,,,,,,,,,*bojcʼi̠,,,,,,,,,,,,*bojci̠,,*bojcy̠,,,,,bʌjcy̠,,,,,vgl. боe̠ц,
болo̠тo / bʌlo̠tə,*ba̠l˙ta,,,,,,,,,,,,,,,,,,,,,,*bala̠ta,*bolo̠to,,,,,,,,,,,,,,,,,,,,,*bolô̠to,,,,,,,,,,,,,,,,,,,,,,,*bʌlô̠tə,,,,bʌlo̠tə,,
бородa̠ / bərʌda̠,*bardā̠˙,,,,,,,,,,,,,,,,,,,,,,*baradā̠˙,*borodā̠˙,,,,,*boroda̠,,,,,,,,,,,,,,,,,,,,,,,,,,,,,,,,,,,,,,,bərʌda̠,,,,,vgl. бo̠роду,Vor § 22 und § 23 entlehnt ist finn. parta.
бo̠роду / bo̠rədu,*bardān,,,,,,,,,,,,,,,*bardan,,,,,,,*baradan,*borodon,,*borodǭ,,,*borodǫ,,,,*borodọ,,,,,,*borodu,,,,,,,,,,,,,,,*bo̠rodu,,,,,,,,,,,,,,bo̠rədu,,,,,vgl. бoродa̠,
брa̠т / bra̠t,*brā̠˙t(r)u,,,,,,,,,,,,,,,,,,,,,,,,,,,*brā̠˙tъ,,,,,,,*brā̠˙tъ1,,,*brā̠tъ1,,,,,,,,,,,*brā̠t,,,,,,,,,,,,,,,,,bra̠t,,,,,,,vgl. брa̠тья,
брa̠тья / bra̠tʼjɪ,*brā̠˙tijā˙,,*brā̠˙tijē˙,,*brā̠˙tijā˙,,,,,,,,*brā̠˙tijā,,,,,,,,,,,,,,,*brā̠˙tьjā,*brā̠˙tьja,,,*brā̠˙tʼьja,,,*brā̠˙tʼь1ja,,,*brā̠tʼь1ja,,,,,,,,,,,*brā̠tʼja,,,,,,,,,,,,,,,,,*bra̠tʼja,,bra̠tʼjɪ,,,,,vgl. брa̠т,
будu̠ть / budʼi̠tʼ,*bawdī̠˙tēj,,,*bọ̄dī̠˙tẹ̄,,,*bọ̄dī̠˙tī,,,,,,,,,,,,,,,,,,,,,,*bọ̄dī̠˙ti,,,*bọ̄dʼī̠˙tʼi,,,,,,*bọ̄dʼī̠tʼi,*būdʼī̠tʼi,,,,,,,,,,,,,,,,,,,,,,,,,,,budʼi̠tʼ,,,,,,,"vgl. бдe̠ть, блюстu̠",
бy̠ря / bu̠rʼɪ,*ba̠w˙rjā˙,,*ba̠w˙rjē˙,*bọ̠̄˙rjē˙,*bọ̠̄˙rjā˙,,,,,,,,,,,,,,*bọ̠̄˙rʼjā˙,,,,,,,,,,*bọ̠̄˙rʼja,*bọ̠̄˙rʼa,,,,,,,,*bọ̠̄rʼa,*bū̠rʼa,,,,,,,,,,,,,,,,,,,,,,,,,,,*bu̠rʼa,,bu̠rʼɪ,,,,,,
в / v,*u,,,,,*wu,,,,,,,,,,,,,,,,,,,,,,*wъ,,,,,,,*wъ1,,,,,,,,,,,,,,*w,,,,,,,v,,,,,,,,,,,,,,,,,,
вe̠ра / vʼe̠rə,*wē̠˙rā˙,,,,,,,,,,,,*wē̠˙rā,,,,,,,,,,,,,,*wě̠̄˙rā,,*wě̠̄˙ra,,,*wʼě̠̄˙ra,,,,,,*wʼě̠̄ra,,,,,,,,,,,,,,,,,,*vʼě̠̄ra,,,,,,,,,,*vʼě̠ra,,*vʼě̠rə,,,vʼe̠rə,,vgl. вe̠рный,
верезжa̠ть / vʼɪrʼɪžža̠tʼ,*werždžē̠˙tēj,,,*werždžē̠˙tẹ̄,*werždžā̠˙tẹ̄,,*werždžā̠˙tī,,,,,,,,,,,,,,,,*wereždžā̠˙tī,,,,,,*wereždžā̠˙ti,,,*wʼerʼeždžā̠˙tʼi,,,,,,*wʼerʼeždžā̠tʼi,,,,,,,,,,,,,,,,,,*vʼerʼeždžā̠tʼ,,,,,,,,,,*vʼerʼeždža̠tʼ,,*vʼɪrʼɪždža̠tʼ,,vʼɪrʼɪžža̠tʼ,,,vgl. вe̠резг,
вe̠резг / vʼe̠rʼɪsk,*werzgu,,,,,,,,,,,,,,,,,,,,,,*werezgu,,,,,*werezgъ,,,,*wʼerʼezgъ,,,*wʼerʼezgъ1,,,,,,,,,,,,,,*wʼerʼezg,,,,,*wʼe̠rʼezg,,*vʼe̠rʼezg,*vʼe̠rʼesk,,,,,,,,,,,vʼe̠rʼɪsk,,,,,vgl. верезжa̠ть,
вe̠реск / vʼe̠rʼɪsk,*wersku,,,,,,,,,,,,,,,,,,,,,,*weresku,,,,,*wereskъ,,,,*wʼerʼeskъ,,,*wʼerʼeskъ1,,,,,,,,,,,,,,*wʼerʼesk,,,,,*wʼe̠rʼesk,,*vʼe̠rʼesk,,,,,,,,,,,,vʼe̠rʼɪsk,,,,,vgl. верещa̠ть,
веретенo̠ / vʼɪrʼɪtʼɪno̠,*werte̠na,,,,,,,,,,,*wertena̠,,,,,,,,,,,*weretena̠,*wereteno̠,,,,,,,,*wʼerʼetʼeno̠,,,,,,,,,,,,,*wʼerʼetʼenô̠,,,,,,,,,,,*vʼerʼetʼenô̠,,,,,,,,,,,,*vʼɪrʼɪtʼɪnô̠,,,,vʼɪrʼɪtʼɪno̠,,Vor § 22 entlehnt ist finn. värttinä.
верещa̠ть / vʼɪrʼɪšša̠tʼ,*werščē̠˙tēj,,,*werščē̠˙tẹ̄,*werščā̠˙tẹ̄,,*werščā̠˙tī,,,,,,,,,,,,,,,,*wereščā̠˙tī,,,,,,*wereščā̠˙ti,,,*wʼerʼeščā̠˙tʼi,,,,,,*wʼerʼeščā̠tʼi,,,,,,,,,,,,,,,,,,*vʼerʼeščā̠tʼ,,,,,,,,,,*vʼerʼešča̠tʼ,,*vʼɪrʼɪšča̠tʼ,,vʼɪrʼɪšša̠tʼ,,,vgl. вe̠реск,
вe̠рный / vʼe̠rnəj,*wē̠˙rinuju,,*wē̠˙rinuji,,,,,,,,,,,,,,,,,,,,,,,,*wě̠̄˙rinuji,*wě̠̄˙rьnъjь,,,,*wʼě̠̄˙rʼьnъjь,,,*wʼě̠̄˙rʼь1nъ2jь1,,,*wʼě̠̄rʼь1nъ2jь1,,,,,,,,,,,*wʼě̠̄rʼnъ2j,,,,*wʼě̠̄rʼnoj,,,*vʼě̠̄rʼnoj,,,,,,*vʼě̠̄rnoj,,,,*vʼě̠rnoj,,*vʼě̠rnəj,,,vʼe̠rnəj,,vgl. вe̠ра,
вe̠сел / vʼe̠sʼɪl,*weselu,,,,,,,,,,,,,,,,,,,,,,,,,,,*weselъ,,,,*wʼesʼelъ,,,*wʼesʼelъ1,,,,,,,,,,,,,,*wʼesʼel,,,,,*wʼe̠sʼel,,*vʼe̠sʼel,,,,,,,,,,,,vʼe̠sʼɪl,,,,,,
вe̠тер / vʼe̠tʼɪr,*wē̠˙tru,,,,,,,,,,,,,,,,,,,,,,,,,,*wě̠̄˙tru,*wě̠̄˙trъ,,,*wě̠̄˙tьrъ,*wʼě̠̄˙tʼьrъ,,,*wʼě̠̄˙tʼь2rъ1,,,*wʼě̠̄tʼь2rъ1,,,,,,,,,,,*wʼě̠̄tʼь2r,,,,*wʼě̠̄tʼer,,,*vʼě̠̄tʼer,,,,,,,,,,*vʼě̠tʼer,,*vʼě̠tʼɪr,,,vʼe̠tʼɪr,,,
вe̠рх / vʼe̠rx,*wi̠rxu,,,,,,,,,,,*wirxu̠,,,,,,,,,,,,,,,,*wьrxъ̠,,,,*wʼьrxъ̠,,,*wʼь2rxъ̠1,,*wʼь̠2rxъ1,,,,,,,,,,,*wʼь̠2rʼxъ1,*wʼь̠2rʼx,,,,*wʼe̠rʼx,,,vʼe̠rx,,,,,,,,,,,,,,,,,,
взя̠л / vzʼa̠l,*uzimlu,,,,,*wuzimlu,,,,,,,,,,,,,,,,,,,,*wuzę̄lu,,*wъzę̄lъ,,,,*wъzʼę̄lъ,*wъzʼālъ,,*wъ1zʼālъ1,,,,,,,,,,,,,,*wzʼāl,,,,,*wzʼā̠l,,*vzʼā̠l,,,,,,,,,,vzʼa̠l,,,,,,,"vgl. взялся̠, возмё̠м",
взялся̠ / vzʼɪlsʼa̠,*uzimlu̠ sēn,,,,,*wuzimlu̠ sēn,,,,,,*wuzimlu sē̠n,,,,*wuzimlu se̠n,,,,,,,,,,*wuzę̄lu sę̠̄,,*wъzę̄lъ sę̠̄,*wъzę̄lъ sę̠,,,*wъzʼę̄lъ sʼę̠,*wъzʼālъ sʼa̠,,*wъ1zʼālъ1 sʼa̠,,,,,,,,,,,,,,*wzʼāl sʼa̠,,,,,,,*vzʼāl sʼa̠,,,,,,,,,,*vzʼal sʼa̠,,vzʼɪlsʼa̠,,,,,"vgl. взя̠л, возмё̠м",
взыскa̠ть / vzyska̠tʼ,*uz e̠jskā˙tēj,,,*uz ẹ̠̄skā˙tẹ̄,,*wuz ẹ̠̄skā˙tẹ̄,*wuz ī̠skā˙tī,,,,,*wuz īskā̠˙tī,,,,,,,,,,,,,*wuz jīskā̠˙tī,,,*wъz jīskā̠˙tī,*wъz jīskā̠˙ti,,,wъz jīskā̠˙tʼi,,,*wъ1z jīskā̠˙tʼi,,,*wъ1z jīskā̠tʼi,,,,*wъ1z īskā̠tʼi,,,,,,,*wzīskā̠tʼi,,,,,,,*vzīskā̠tʼ,,,,,,,*vzȳskā̠tʼ,,,vzyska̠tʼ,,,,,,,,
вu̠хорь / vʼi̠xərʼ,*we̠j˙xuri,,,*wẹ̠̄˙xuri,,,*wī̠˙xuri,,,,,,,,,,,,,,,,,,,,,*wī̠˙xъrь,,,,*wʼī̠˙xъrʼь,,,*wʼī̠˙xъ2rʼъ1,,,*wʼī̠xъ2rʼъ1,,,,,,,,,,,*wʼī̠xъ2rʼ,,,,*wʼī̠xorʼ,,,*vʼī̠xorʼ,,,,,,,,,,*vʼi̠xorʼ,,vʼi̠xərʼ,,,,,,"Nach § 3, aber vor § 6 entlehnt ist finn. viehkuri."
влюблё̠н / vlʼublʼo̠n,*ulja̠wbjenu,,*ulje̠wbjenu,*uljọ̠̄bjenu,,*wuljọ̠̄bjenu,,,*wuljọ̠̄bljenu,,,*wuljọ̄blje̠nu,,,,,,,*wulˊjọ̄blˊje̠nu,,,,,,,,,*wъlˊjọ̄blˊje̠nъ,,*wъlˊọ̄blˊē̠nъ,,,,,*wъ1lˊọ̄blˊē̠nъ1,*wъ1lˊọ̠̄blˊēnъ1,,,*wъ1lˊū̠blˊēnъ1,,,,,,,,,,*wlˊū̠blˊēn,,,*wlʼū̠blʼēn,,,,*vlʼū̠blʼēn,,,,,,,,,,*vlʼu̠blʼen,,*vlʼu̠blʼɪn,,,,,vgl. полю̠блен,
внy̠к / vnu̠k,*una̠w˙ku,,,*unọ̠̄˙ku,,*wunọ̠̄˙ku,,,,,,,,,,,,,,,,,,,,,,*wъnọ̠̄˙kъ,,,,,,,*wъ1nọ̠̄˙kъ1,,,*wъ1nọ̠̄kъ1,*wъ1nū̠kъ1,,,,,,,,,,*wnū̠k,,,,,,,*vnū̠k,,,,,,,,,,vnu̠k,,,,,,,,
вo̠бла / vo̠blə,*a̠bulā˙,,,,,,,,,,,*abu̠lā˙,*abu̠lā,,,,,,,,,,,*obu̠lā,,,,*obъ̠lā,*obъ̠la,,,,,,*obъ̠1la,,*o̠bъ1la,,,,,,,,*ô̠bъ1la,,,,*ô̠bla,,,,,,*wô̠bla,*vô̠bla,,,,,,,,,,,,*vô̠blə,,,,vo̠blə,,
вовнe̠ / vʌvnʼe̠,*u wu̠nāj,,,*u wu̠nē,,*wu wu̠nē,,,,,,*wu wunē̠,,,,,,,,,,,,,,,*wu wuně̠̄,*wъ wъně̠̄,*wъ wъně̠,,,*wъ wъnʼě̠,,,*wъ2 wъ1nʼě̠ ,,,,,,,,,,,,,,*wъ2 wnʼě̠ ,,,,*wo wnʼě̠,,,*vo vnʼě̠,,,,,,,,,,,,*vʌ vnʼě̠,,,*vʌ vnʼe̠,,,
водa̠ / vʌda̠,*wadā̠˙,,,,,,,,,,,,,,,,,,,,,,,*wodā̠˙,,,,,*woda̠,,,,,,,,,,,,,,,,,,,,,,,,,,,*voda̠,,,,,,,,,,,,vʌda̠,,,,,vgl. вo̠ду,
вo̠ду / vo̠du,*wadān,,,,,,,,,,,,,,,*wadan,,,,,,,,*wodon,,*wodǭ,,,*wodǫ,,,,*wodọ,,,,,,*wodu,,,,,,,,,,,,,,,*wo̠du,,vo̠du,,,,,,,,,,,,,,,,,vgl. водa̠,
возмё̠м / vʌzʼmʼo̠m,*uzime̠mu,,,,,*wuzime̠mu,,,,,,*wuzimemu̠,,,,,,,,,,,,,,,,*wъzьmemъ̠,,,,*wъzʼьmʼemъ̠,,,*wъ2zʼь1mʼemъ̠1,,*wъ2zʼь1mʼe̠mъ1,,,,,,,,,,,,*wъ2zʼmʼe̠m,,,,*wozʼmʼe̠m,,,*vozʼmʼe̠m,,,,*vozʼmʼo̠m,,,,,,,,vʌzʼmʼo̠m,,,,,"vgl. взя̠л, взялся̠",
вo̠лк / vo̠lk,*wilku,,,,,,,,,,,,,,,,,,,*wulku,,,,,,,,*wъlkъ,,,,,,,*wъ2lkъ1,,,,,,,,,,,,,,*wъ2lk,,,,*wolk,*wo̠lk,,vo̠lk,,,,,,,,,,,,,,,,,,
вo̠лос / vo̠ləs,*wal˙su,,,,,,,,,,,,*walsu,,,,,,,,,,*walasu,*wolosu,,,,*wolosъ,,,,,,,*wolosъ1,,,,,,,,,,,,,,*wolos,,,,,*wo̠los,,*vo̠los,,,,,,,,,,,,vo̠ləs,,,,,vgl. волo̠с,
волo̠с / vʌlo̠s,*wal˙su̠,,,,,,,,,,,,*walsu̠,,,,,,,,,,*walasu̠,*wolosu̠,,,,*wolosъ̠,,,,,,,*wolosъ̠1,,*wolo̠sъ1,,,,,,,,*wolô̠sъ1,,,,*wolô̠s,,,,,,,*volô̠s,,,,,,,,,,,,*vʌlô̠s,,,,vʌlo̠s,vgl. вo̠лос,
вo̠лость / vo̠ləsʼtʼ,*walsti,,,,,,,,,,,,,,,,,,,,,,*walasti,*wolosti,,,,*wolostь,,,,*wolostʼь,,,*wolostʼь1,,,,,,,,,,,,,,*wolostʼ,,,,,*wo̠lostʼ,,*vo̠lostʼ,,,,,,*vo̠losʼtʼ,,,,,,vo̠ləsʼtʼ,,,,,,"Nach § 22, aber vor § 23 entlehnt ist finn. vaalasti."
вo̠льха / vo̠lʼxə,*a̠lixā˙,,,,,,,,,,,*ali̠xā˙,*ali̠xā,,,,,,,,,,,*oli̠xā,,,,*olь̠xā,*olь̠xa,,,*olʼь̠xa,,,*olʼь̠1xa,,*o̠lʼь1xa,,,,,,,,*ô̠lʼь1xa,,,,*ô̠lʼxa,,,,,,*wô̠lʼxa,*vô̠lʼxa,,,,,,,,,,,,*vô̠lʼxə,,,,vo̠lʼxə,,
вo̠ля / vo̠lʼɪ,*wa̠ljā˙,,,,,,,,,,,*waljā̠˙,,,,,,,*walˊjā̠˙,,,,,*wolˊjā̠˙,,,,,*wolˊja̠,*wolˊā̠,,,,,,*wo̠lˊā,,,,,,,,,*wô̠lˊā,,,,,,,*wô̠lʼā,,,,*vô̠lʼā,,,,,,,,,,*vô̠lʼa,,*vô̠lʼɪ,,,,vo̠lʼɪ,,
воробe̠й / vərʌbʼe̠j,*warbi̠ju,,*warbi̠ji,,,,,,,,,*warbiji̠,,,,,,,,,,,*warabiji̠,*worobiji̠,,,,*worobьjь̠,,,,*worobʼьjь̠,,,*worobʼь2jь̠1,,*worobʼь̠2jь1,,,,,,,,,,,,*worobʼь̠2j,,,,*worobʼe̠j,,,*vorobʼe̠j,,,,,,,,,,,,vərʌbʼe̠j,,,,,,Vor § 22 und § 23 entlehnt ist finn. varpu.
вoрo̠на / vʌro̠nə,*wa̠r˙nā˙,,,,,,,,,,,,*wa̠r˙nā,,,,,,,,,,*wara̠nā,*woro̠nā,,,,,*woro̠na,,,,,,,,,,,,,,,,*worô̠na,,,,,,,,,,,*vorô̠na,,,,,,,,,,,,*vʌrô̠nə,,,,vʌro̠nə,,
вo̠спа / vo̠spə,*a̠supā˙,,,,,,,,,,,*asu̠pā˙,*asu̠pā,,,,,,,,,,,*osu̠pā,,,,*osъ̠pā,*osъ̠pa,,,,,,*osъ̠1pa,,*o̠sъ1pa,,,,,,,,*ô̠sъ1pa,,,,*ô̠spa,,,,,,*wô̠spa,*vô̠spa,,,,,,,,,,,,*vô̠spə,,,,vo̠spə,,
вo̠тчина / vo̠tčinə,*a̠tičī˙nā˙,,,,,,,,,,,*ati̠čī˙nā˙,*ati̠čīnā,,,,,,,,,,,*oti̠čīnā,,,,*otь̠čīnā,*otь̠čīna,,,*otʼь̠čīna,,,*otʼь̠1čīna,,*o̠tʼь1čīna,,,,,,,,*ô̠tʼь1čīna,,,,*ô̠tʼčīna,,,,,,*wô̠tčīna,*vô̠tčīna,,,,,,,,,,*vô̠tčina,,*vô̠tčinə,,,,vo̠tčinə,"vgl. отe̠ц, отцa̠",
всё̠ / fʼsʼo̠,*wi̠xa,*wi̠śa,*wi̠śe,,,,,,,*wi̠sʼe,,*wisʼe̠,,,,,,,,,,,,,,,,*wьsʼe̠,,,,*wʼьsʼe̠,,,*wʼь1sʼe̠,,,,,,,,,,,,,,*wʼsʼe̠,,,,,,,*vʼsʼe̠,,,,*vʼsʼo̠,,fʼsʼo̠,,,,,,,,,,,,
вскрo̠ю / fskro̠ju,*wuskrū̠˙jān,,,,,,,,,,,,,,,*wuskrū̠˙jan,,*wuskrȳ̠˙jan,,,,,,*wuskrȳ̠˙jon,,*wuskrȳ̠˙jǭ,,*wъskrȳ̠˙jǭ,*wъskrȳ̠˙jǫ,,,,*wъskrȳ̠˙jọ,,*wъ1skrȳ̠˙jọ,,,*wъ1skrȳ̠jọ,*wъ1skrȳ̠ju,,*wъ1skrъ̠2ju,,,,,,,,*wskrъ̠2ju,,,,*wskro̠ju,,,*vskro̠ju,fskro̠ju,,,,,,,,,,,,,,,,vgl. вскры̠ть,
вскры̠ть / fskry̠tʼ,*wuskrū̠˙tēj,,,*wuskrū̠˙tẹ̄,,,*wuskrū̠˙tī,,,,,,,,,,,*wuskrȳ̠˙tī,,,,,,,,,,*wъskrȳ̠˙tī,*wъskrȳ̠˙ti,,,*wъskrȳ̠˙tʼi,,,*wъ1skrȳ̠˙tʼi,,,*wъ1skrȳ̠tʼi,,,,,,,,,,,*wskrȳ̠tʼi,,,,,,,*vskrȳ̠tʼ,*fskrȳ̠tʼ,,,,,,,,,fskry̠tʼ,,,,,,,vgl. вскрo̠ю,
вчерa̠ / fʼčɪra̠,*wičerā̠˙,,,,,,,,,,,,,,,,,,,,,,,,,,,*wьčerā̠˙,*wьčera̠,,,*wʼьčera̠,,,*wʼь1čera̠,,,,,,,,,,,,,,*wʼčera̠,,,,,,,*vʼčera̠,*fʼčera̠,,,,,,,,,,,fʼčɪra̠,,,,,,
вы̠ / vy̠,*wū˙,,,,,,,,,,,,*wū,,,,,*wȳ,,,,,,,,,,,,,,,,,,,,,,,,,,,,,,,,,,,,*wȳ̠,,*vȳ̠,,,,,,,,,,vy̠,,,,,,,,
вы̠дра / vy̠drə,*ū̠˙drā˙,,,,,*wū̠˙drā˙,,,,,,,*wū̠˙drā,,,,,*wȳ̠˙drā,,,,,,,,,,,*wȳ̠˙dra,,,,,,,,,*wȳ̠dra,,,,,,,,,,,,,,,,,,*vȳ̠dra,,,,,,,,,,*vy̠dra,,vy̠drə,,,,,,
высокo̠ / vysʌko̠,*ūsa̠ka,,,,,*wūsa̠ka,,,,,,*wūsaka̠,,,,,,*wȳsaka̠,,,,,,*wȳsoko̠,,,,,,,,,,,,,,,,,,,,,,,,,,,,,,,,*vȳsoko̠,,,,,,,,,,*vysoko̠,,vysʌko̠,,,,,,
гa̠чи / ga̠či,*gā̠˙tjū,,*gā̠˙tjī,,,,,,,,,,,,,,,,*gā̠˙tˊjī,,,*gā̠˙čjī,,,,,,,*gā̠˙čji,*gā̠˙či,,,,,,,,*gā̠či,,,,,,,,,,,,,,,,,,,,,,,,,,,,ga̠či,,,,,,,,"Möglicherweise vor § 18, sicher aber vor § 29 entlehnt ist finn. kaatio. Nach § 18 und nach § 21 entlehnt ist est. kaats."
гo̠вор / go̠vər,*gawaru,,,,,,,,,,,,,,,,,,,,,,,*goworu,,,,*goworъ,,,,,,,*goworъ1,,,,,,,,,,,,,,*gowor,,,,,*go̠wor,,*go̠vor,,,,,,,,,,,,go̠vər,,,,,,
головa̠ / gəlʌva̠,*gal˙wā̠˙,,,,,,,,,,,,*galwā̠˙,,,,,,,,,,*galawā̠˙,*golowā̠˙,,,,,*golowa̠,,,,,,,,,,,,,,,,,,,,,,,,,,,*golova̠,,,,,,,,,,,,gəlʌva̠,,,,,"vgl. гo̠лову, нa̠голову",
гo̠лову / go̠ləvu,*gal˙wān,,,,,,,,,,,,*galwān,,,*galwan,,,,,,,*galawan,*golowon,,*golowǭ,,,*golowǫ,,,,*golowọ,,,,,,*golowu,,,,,,,,,,,,,,,*go̠lowu,,*go̠lovu,,,,,,,,,,,,go̠ləvu,,,,,"vgl. головa̠, нa̠голову",
гo̠лод / go̠lət,*galdu,,,,,,,,,,,,,,,,,,,,,,*galadu,*golodu,,,,*golodъ,,,,,,,*golodъ1,,,,,,,,,,,,,,*golod,,,,,*go̠lod,,,*go̠lot,,,,,,,,,,,go̠lət,,,,,vgl. голодa̠ем,
голодa̠ем / gəlʌda̠jɪm,*galdā̠˙jemu,,,,,,,,,,,,,,,,,,,,,,*galadā̠˙jemu,*golodā̠˙jemu,,,,*golodā̠˙jemъ,,,,,,,*golodā̠˙jemъ1,,,*golodā̠jemъ1,,,,,,,,,,,*golodā̠jem,,,,,,,,,,,,,,,,,*goloda̠jem,,gəlʌda̠jɪm,,,,,vgl. гo̠лод,
гo̠рло / go̠rlə,*gu̠r˙dla,,,,,,,,,,,,,,,,,,,,*gu̠r˙la,,,*gu̠r˙lo,,,,*gъ̠r˙lo,,,,,,,*gъ̠2r˙lo,,,*gъ̠2rlo,,,,,,,,,,,,,,,*go̠rlo,,,,,,,,,,,,,,,go̠rlə,,,,,,
гo̠род / go̠rət,*gardu,,,,,,,,,,,,,,,,,,,,,,*garadu,*gorodu,,,,*gorodъ,,,,,,,*gorodъ1,,,,,,,,,,,,,,*gorod,,,,,*go̠rod,,,*go̠rot,,,,,,,,,,,go̠rət,,,,,,
горькa̠ / gʌrʼka̠,*garikā̠˙,,,,,,,,,,,,,,,,,,,,,,,*gorikā̠˙,,,,*gorьkā̠˙,*gorьka̠,,,*gorʼьka̠,,,*gorʼь1ka̠,,,,,,,,,,,,,,*gorʼka̠,,,,,,,,,,,,,,,,,,,gʌrʼka̠,,,,,,
гумнo̠ / gumno̠,*gawmi̠na,,,*gọ̄mi̠na,,,,,,,,*gọ̄mina̠,,,,,,,,,,,,*gọ̄mino̠,,,,*gọ̄mьno̠,,,,*gọ̄mʼьno̠,,,*gọ̄mʼь1no̠,,,,*gūmʼь1no̠,,,,,,*gūmʼь1nô̠,,,,*gūmʼnô̠,,,,,,,,,,,,,*gūmnô̠,,,,*gumnô̠,,,,,,gumno̠,,
дa̠м / da̠m,*dā˙mi,,,,,,,,,,,,*dāmi,,,,,,,,,,,,,,,*dāmь,,,,*dāmʼь,,,*dāmʼь1,,,,,,,,,,,,,,*dāmʼ,,,,,*dā̠mʼ,,,,,*dā̠m,,,,,,,da̠m,,,,,,,"vgl. mit Präfix прo̠дал, продалa̠, продался̠, прo̠дан, проданa̠",
двo̠р / dvo̠r,*dwa̠ru,,,,,,,,,,,*dwaru̠,,,,,,,,,,,,*dworu̠,,,,*dworъ̠,,,,,,,*dworъ̠1,,*dwo̠rъ1,,,,,,,,*dwô̠rъ1,,,,*dwô̠r,,,,,,,*dvô̠r,,,,,,,,,,,,,,,,dvo̠r,,
дe̠нь / dʼe̠nʼ,*dini,,,,,,,,,,,,,,,,,,,,,,,,,,,*dьnь,,,,*dʼьnʼь,,,*dʼь2nʼь1,,,,,,,,,,,,,,*dʼь2nʼ,,,,*dʼenʼ,dʼe̠nʼ,,,,,,,,,,,,,,,,,,,vgl. днё̠м,
дитя̠ / dʼitʼa̠,*dē˙tē̠n,,,,,,,,,,,,*dētē̠n,,,*dēte̠n,,,,,,,,,,*dētę̠̄,*dě̄tę̠̄,,*dě̄tę̠,,,*dʼě̄tʼę̠,*dʼě̄tʼa̠,,,,,,,,,,,,,,,,,,,,,,,,,,,,,,,,,*dʼětʼa̠,dʼitʼa̠,,,,,,,
днё̠м / dʼnʼo̠m,*dini̠mi,,,,,,,,,,,*dinimi̠,,,,,,,,,,,,,,,,*dьnьmь̠,,,,*dʼьnʼьmʼь̠,,,*dʼь1nʼь2mʼь̠1,,*dʼь1nʼь̠2mʼь1,,,,,,,,,,,,*dʼnʼь̠2mʼ,,,,dʼnʼe̠mʼ,,,,,,dʼnʼe̠m,dʼnʼo̠m,,,,,,,,,,,,,vgl. дe̠нь,
добё̠р / dʌbʼo̠r,*da̠bru,,,,,,,,,,,*dabru̠,,,,,,,,,,,,*dobru̠,,,,*dobrъ̠,,,*dobьrъ̠,*dobʼьrъ̠,,,*dobʼь2rъ̠1,,*dobʼь̠2rъ1,,,,,,,,,,,,*dobʼь̠2r,,,,*dobʼe̠r,,,,,,,*dobʼo̠r,,,,,,,,dʌbʼo̠r,,,,,,
дo̠ждь / do̠šš,*du̠zdju,,*du̠zdji,,,,,,,,,*duzdji̠,,,,,,,*duždˊji̠,,,*duždžji̠,,,,,,*dъždžjь̠,,*dъždžь̠,,,,,*dъ2ždžь̠1,,*dъ̠2ždžь1,,,,,,,,,,,,*dъ̠2ždž,,,,*do̠ždž,,,,*do̠šč,,,,,,,,,,,,,do̠šš,,,,
дo̠лг / do̠lk,*dilgu,,,,,,,,,,,,,,,,,,,*dulgu,,,,,,,,*dъlgъ,,,,,,,*dъ2lgъ1,,,,,,,,,,,,,,*dъ2lg,,,,*dolg,*do̠lg,,,do̠lk,,,,,,,,,,,,,,,,,
дo̠лгий / do̠lgəj,*di̠l˙guju,,*di̠l˙guji,,,,,,,,,,,,,,,,,*du̠l˙guji,,,,,,,,*dъ̠l˙gъjь,,,,,,,*dъ̠2l˙gъ2jь1,,,*dъ̠2lgъ2jь1,,,,,,,,,,,*dъ̠2lgъ2j,,,,*do̠lgoj,,,,,,,,,,,,,,,do̠lgəj,,,,,,
должнu̠к / dʌlżnʼi̠k,*dildžine̠jku,,,*dildžinẹ̠̄ku,,,*dildžinī̠ku,,,,,*dildžinīku̠,,,,,,,,*duldžinīku̠,,,,,,,,*dъldžьnīkъ̠,,,,*dъldžьnʼīkъ̠,,,*dъ2ldžь1nʼīkъ̠1,,*dъ2ldžь1nʼī̠kъ1,,,*dъ2lžь1nʼī̠kъ1,,,,,,,,,*dъ2lžnʼī̠k,,,,*dolžnʼī̠k,,,,,*dolżnʼī̠k,,,,,,,,*dolżnʼi̠k,,dʌlżnʼi̠k,,,,,,
долo̠нь / dʌlo̠nʼ,*da̠l˙ni,,,,,,,,,,,,,,,,,,,,,,*dala̠ni,dolo̠ni,,,,*dolo̠nь,,,,*dolo̠nʼь,,,*dolo̠nʼь1,,,,,,,,,,*dolô̠nʼь1,,,,*dolô̠nʼ,,,,,,,,,,,,,,,,,,,*dʌlô̠nʼ,,,,dʌlo̠nʼ,,
долотo̠ (1) / dəlʌto̠,*da̠lta,,,,,,,,,,,*dalta̠,,,,,,,,,,,*dalata̠,*doloto̠,,,,,,,,,,,,,,,,,,,,,*dolotô̠,,,,,,,,,,,,,,,,,,,,,,,*dəlʌtô̠,,,,dəlʌto̠,,Vor § 22 und § 23 entlehnt ist finn. taltta.
долотo̠ (2) / dəlʌto̠,*de̠lta,,,,,,,,,,,*delta̠,,,,,,,,*dalta̠,,,*dalata̠,*doloto̠,,,,,,,,,,,,,,,,,,,,,*dolotô̠,,,,,,,,,,,,,,,,,,,,,,,*dəlʌtô̠,,,,dəlʌto̠,,Vor § 22 und § 23 entlehnt ist finn. taltta.
дo̠ску / do̠sku,duskān,,,,,,,,,,,,,,,*duskan,,,,,,,,*duskon,,*duskǭ,,*dъskǭ,*dъskǫ,,,,*dъskọ,,*dъ1skọ,,,,*dъ1sku,,,,,,,,,,*dsku,,,,*dosku,do̠sku,,,,,,,,,,,,,,,,,,,,
дрo̠жжи / dro̠žži,*draždžjuj,,*draždžjij,*draždžī,,,,,,,,,,,,,,,,,,,,*droždžjī,,,,,*droždžji,*droždži,,,,,,,,,,,,,,,,,,,,,,,,*dro̠ždži,,,,,,,,,,,,,,,,dro̠žži,,,,
ды̠м / dy̠m,*dū̠˙mu,,,,,,,,,,,,,,,,,*dȳ̠˙mu,,,,,,,,,,*dȳ̠˙mъ,,,,,,,*dȳ̠˙mъ1,,,*dȳ̠mъ1,,,,,,,,,,,*dȳ̠m,,,,,,,,,,,,,,,,,dy̠m,,,,,,,,
ельцa̠ / jɪlʼca̠,*eli̠kā,*eli̠tˊā,*eli̠tˊē,,*eli̠tˊā,,,,,,,*elitˊā̠,,*elicʼā̠,,,,,,,,,,,*jelicʼā̠,,,*jelьcʼā̠,*jelьcʼa̠,,,*jelʼьcʼa̠,,,*jelʼь1cʼa̠,,,,,,,,,,,,,,*jelʼcʼa̠,,,,,,,,,,,,*jelʼca̠,,,,,,,jɪlʼca̠,,,,,,
e̠сть / je̠sʼtʼ,*ē̠˙stēj,,,*ē̠˙stẹ̄,,,*ē̠˙stī,,,,,,,,,,,,,,,,,,*jē̠˙stī,,*jě̠̄˙stī,,*jě̠̄˙sti,,,*jě̠̄˙stʼi,,,,,,*jě̠̄stʼi,,,,,,,,,,,,,,,,,,,,,,,,*jě̠̄sʼtʼi,,,,*jě̠sʼtʼi,,,,,*je̠sʼtʼi,,,
жa̠ль / ża̠lʼ,*džē̠˙li,,,,*džā̠˙li,,,,,,,,,,,,,,,,,,,,,,,*džā̠˙lь,,,,*džā̠˙lʼь,,,*džā̠˙lʼь1,,,*džā̠lʼь1,,*žā̠lʼь1,,,,,,,,,*žā̠lʼ,,,,,,,,,*żā̠lʼ,,,,,,,,ża̠lʼ,,,,,,,,
жa̠ть (1) / ża̠tʼ,*dže̠ntēj,,,*dže̠ntẹ̄,,,*dže̠ntī,,,,,*džentī̠,,,,,,,,,,,,,,*džę̄tī̠,,,*džę̄ti̠,,,*džę̄tʼi̠,*džātʼi̠,,,,,,,*žātʼi̠,,,,,,,,,,,,,,,,,,*żātʼi̠,,,,,,,,*żatʼi̠,,,,,,,vgl. жмy̠,
жa̠ть (2) / ża̠tʼ,*dži̠ntēj,,,*dži̠ntẹ̄,,,*dži̠ntī,,,,,*džintī̠,,,,,,,,,,,,,,*džę̄tī̠,,,*džę̄ti̠,,,*džę̄tʼi̠,*džātʼi̠,,,,,,,*žātʼi̠,,,,,,,,,,,,,,,,,,*żātʼi̠,,,,,,,,*żatʼi̠,,,,,,,vgl. жмy̠,
жвa̠чка / żva̠čkə,*zjuwā̠˙čikā˙,,*zjiwā̠˙čikā˙,,,,,,,,,,,,,,,,*žjiwā̠˙čikā˙,,,,,,,,,*žjьwā̠˙čьkā˙,*žjьwā̠˙čьka,*žьwā̠˙čьka,,,,,*žь1wā̠˙čь1ka,,,*žь1wā̠čь1ka,,,,,,,,,,,*žwā̠čka,,,,,,,*žvā̠čka,,*żvā̠čka,,,,,,,,*żva̠čka,,żva̠čkə,,,,,"vgl. жевa̠ть, жуё̠м und жуй",
жгy̠т / żgu̠t,*džiga̠ntu,,,,,,,,,,,*džigantu̠,,,,,,,,,,,,*džigontu̠,,*džigǭtu̠,,*džьgǭtъ̠,,,,,*džьgọ̄tъ̠,,*džь1gọ̄tъ̠1,,*džь1gọ̠̄tъ1,,*džь1gū̠tъ1,*žь1gū̠tъ1,,,,,,,,,*žgū̠t,,,,,,,,,*żgū̠t,,,,,,,,żgu̠t,,,,,,,,
жевa̠ть / żəva̠tʼ,*zjuwā̠˙tēj,,*zjiwā̠˙tēj,*zjiwā̠˙tẹ̄,,,*zjiwā̠˙tī,,,,,,,,,,,,*žjiwā̠˙tī,,,,,,,,,*žjьwā̠˙tī,*žjьwā̠˙ti,*žьwā̠˙ti,,*žьwā̠˙tʼi,,,*žь1wā̠˙tʼi,,,*žь1wā̠tʼi,,,,,,,,,,,*žwā̠tʼi,,,,*žewā̠tʼi,,,*ževā̠tʼi,,*żevā̠tʼi,,,,,,,,*żeva̠tʼi,,*żəva̠tʼi,,,,,"vgl. жуё̠м, жуй und жвa̠чка",
жезe̠ль / żəzʼe̠lʼ,*dže̠zli,,,,,,,,,,,*džezli̠,,,,,,,,,,,,,,,,*džezlь̠,,,*džezьlь̠,*džezʼьlʼь̠,,,*džezʼь2lʼь̠1,,*džezʼь̠2lʼь1,,,*žezʼь̠2lʼь1,,,,,,,,,*žezʼь̠2lʼ,,,,*žezʼe̠lʼ,,,,,*żezʼe̠lʼ,,,,,,,,,,żəzʼe̠lʼ,,,,,,
женa̠ / żəna̠,*dže̠nā˙,,,,,,,,,,,*dženā̠˙,,,,,,,,,,,,,,,,,*džena̠,,,,,,,,,,,*žena̠,,,,,,,,,,,,,,,,,,*żena̠,,,,,,,,,,żəna̠,,,,,vgl. жe̠нский,
жe̠нский / że̠nskəj,*dže̠niskuju,,*dže̠niskuji,,,,,,,,,*dženi̠skuji,,,,,,,,,,,,,,,,*dženь̠skъjь,,,,*dženʼь̠skъjь,,,*dženʼь̠1skъ2jь1,,*dže̠nʼь1skъ2jь1,,,*že̠nʼь1skъ2jь1,,,,,,,,,*že̠nʼskъ2j,,,,*že̠nʼskoj,,,,,*że̠nʼskoj,,,,*że̠nskoj,,,,,,że̠nskəj,,,,,vgl. женa̠,
жеребe̠ц / żərʼɪbʼe̠c,*džerbi̠ku,*džerbi̠tˊu,*džerbi̠tˊi,,,,,,,,,*džerbitˊi̠,,*džerbicʼi̠,,,,,,,,,*džerebicʼi̠,,,,,*džerebьcʼь̠,,,,*džerʼebʼьcʼь̠,,,*džerʼebʼь2cʼь̠1,,*džerʼebʼь̠2cʼь1,,,*žerʼebʼь̠2cʼь1,,,,,,,,,*žerʼebʼь̠2cʼ,,,,*žerʼebʼe̠cʼ,,,,,*żerʼebʼe̠cʼ,,,*żerʼebʼe̠c,,,,,,,żərʼɪbʼe̠c,,,,,,
жерелo̠ / żərʼɪlo̠,*dže̠rdla,,,,,,,,,,,*džerdla̠,,,,,,,,,*džerla̠,,*džerela̠,*džerelo̠,,,,,,,,*džerʼelo̠,,,,,,,,*žerʼelo̠,,,,,*žerʼelô̠,,,,,,,,,,,,,*żerʼelô̠,,,,,,,,,,*żərʼɪlô̠,,,,żərʼɪlo̠,,
жu̠в / ży̠f,*džī˙wu,,,,,,,,,,,,*džīwu,,,,,,,,,,,,,,,*džīwъ,,,,,,,*džīwъ1,,,,,*žīwъ1,,,,,,,,,*žīw,,,,,*žī̠w,,*žī̠v,*žī̠f,*żī̠f,,,,,*żȳ̠f,,,ży̠f,,,,,,,,
жu̠то / ży̠tə,*dže̠j˙ta,,,*džẹ̠̄˙ta,,,*džī̠˙ta,,,,,,,,,,,,,,,,,*džī̠˙to,,,,,,,,,,,,,,*džī̠to,,*žī̠to,,,,,,,,,,,,,,,,,,*żī̠to,,,,,*żȳ̠to,,,*ży̠to,,ży̠tə,,,,,,
жмy̠ / żmu̠,*dži̠mān,,,,,,,,,,,*džimā̠n,,,,*džima̠n,,,,,,,,*džimo̠n,,*džimǭ̠,,*džьmǭ̠,*džьmǫ̠,,,,*džьmọ̠,,*džь1mọ̠,,,,*džь1mu̠,*žь1mu̠,,,,,,,,,*žmu̠,,,,,,,,,żmu̠,,,,,,,,,,,,,,,vgl. жa̠ть,
жмy̠рю / żmu̠rʼu,*mi̠džjaw˙rjān,,*mi̠džjew˙rjēn,*mi̠džjọ̄˙rjēn,*mi̠džjọ̄˙rjān,,,,,,,*midžjọ̠̄˙rjān,,,,*midžjọ̠̄˙rjan,,,midžjọ̠̄˙rʼjan,,,,,*midžjọ̠̄˙rʼjon,,*midžjọ̠̄˙rʼjǭ,,*mьdžjọ̠̄˙rʼjǭ,*mьdžjọ̠̄˙rʼjǫ,*mьdžọ̠̄˙rʼǫ,,*mʼьdžọ̠̄˙rʼǫ,*mʼьdžọ̠̄˙rʼọ,,*mʼь1džọ̠̄˙rʼọ,,,*mʼь1džọ̠̄rʼọ,*mʼь1džū̠rʼu,*mʼь1žū̠rʼu,,,,,,,,,*mʼžū̠rʼu,,,,,,,,,*mʼżū̠rʼu,,,,*mżū̠rʼu,,,,*mżu̠rʼu,,,,,,,,
жуё̠м (1) / żujo̠m,*zjew˙je̠mu,,,*zjọ̄˙je̠mu,,,,,,,,*zjọ̄˙jemu̠,*zjọ̄jemu̠,,,,,,*žjọ̄jemu̠,,,,,,,,,*žjọ̄jemъ̠,,*žọ̄jemъ̠,,,,,*žọ̄jemъ̠1,,*žọ̄je̠mъ1,,*žūje̠mъ1,,,,,,,,,,*žūje̠m,,,,,,,,,*żūje̠m,,*żūjo̠m,,,,,,żujo̠m,,,,,,,"vgl. жевa̠ть, жуй und жвa̠чка",
жуё̠м (2) / żujo̠m,*zjaw˙je̠mu,*zjew˙je̠mu,,*zjọ̄˙je̠mu,,,,,,,,*zjọ̄˙jemu̠,*zjọ̄jemu̠,,,,,,*žjọ̄jemu̠,,,,,,,,,*žjọ̄jemъ̠,,*žọ̄jemъ̠,,,,,*žọ̄jemъ̠1,,*žọ̄je̠mъ1,,*žūje̠mъ1,,,,,,,,,,*žūje̠m,,,,,,,,,*żūje̠m,,*żūjo̠m,,,,,,żujo̠m,,,,,,,"vgl. жевa̠ть, жуй und жвa̠чка",
жy̠й (1) / żu̠j,*zjew˙ju̠j,,*zjew˙ji̠j,*zjọ̄˙jī̠,,,,,,,,,*zjọ̄jī̠,,,,,,*žjọ̄jī̠,,,,,,,,,,*žjọ̄ji̠,*žọ̄ji̠,,,,,,,,,*žūji̠,,,,*žūi̠,*žū̠j,,,,,,,,,,,,,,*żū̠j,,,,,,,,żu̠j,,,,,,,"vgl. жевa̠ть, жуём und жвa̠чка",
жy̠й (2) / żu̠j,*zjaw˙ju̠j,,*zjew˙ji̠j,*zjọ̄˙jī̠,,,,,,,,,*zjọ̄jī̠,,,,,,*žjọ̄jī̠,,,,,,,,,,*žjọ̄ji̠,*žọ̄ji̠,,,,,,,,,*žūji̠,,,,*žūi̠,*žū̠j,,,,,,,,,,,,,,*żū̠j,,,,,,,,żu̠j,,,,,,,"vgl. жевa̠ть, жуём und жвa̠чка",
жупa̠н / żupa̠n,*džawpā̠nu,,*džewpā̠nu,*džọ̄pā̠nu,,,,,,,,*džọ̄pānu̠,,,,,,,,,,,,,,,,*džọ̄pānъ̠,,,,,,,*džọ̄pānъ̠1,,*džọ̄pā̠nъ1,,*džūpā̠nъ1,*žūpā̠nъ1,,,,,,,,,*žūpā̠n,,,,,,,,,*żūpa̠n,,,,,,,,żupa̠n,,,,,,,,
зa̠втра / za̠ftrə,*zā ja̠w˙trā,,*zā je̠w˙trā,*zā jọ̠̄˙trā,,,,,,,,,,,,,,,,,,,,,,,,,*zā jọ̠̄˙tra,,,,,,,,,*zā jọ̠̄tra,*zā jū̠tra,,,*zā ū̠tra,,*zā̠ wtra,,,,,,,,,,,,*zā̠vtra,*zā̠ftra,,,,,,,,,*za̠ftra,,za̠ftrə,,,,,,
зa̠яц / za̠jɪc,*zā̠˙jinku,*zā̠˙jintˊu,*zā̠˙jintˊi,,,,,,,,,,,*zā̠˙jincʼi,,,,,,,,,,,,*zā̠˙ję̄cʼi,,*zā̠˙ję̄cʼь,,,,,*zā̠˙jācʼь,,*zā̠˙jācʼь1,,,*zā̠jācʼь1,,,,,,,,,,,*zā̠jācʼ,,,,,,,,,,,,*zā̠jāc,,,,,*za̠jac,,za̠jɪc,,,,,,
звездa̠ / zʼvʼɪzda̠,*gwa̠jzdā˙,,,*gwē̠zdā˙,,,,*dˊwē̠zdā˙,,,,*dˊwēzdā̠˙,,*dzʼwēzdā̠˙,,,,,,,,,,,,,*dzʼwě̄zdā̠˙,,*dzʼwě̄zda̠,,,*dzʼwʼě̄zda̠,,,,,,,,,,,,,,,*zʼwʼě̄zda̠,,,,,,,,,*zʼvʼě̄zda̠,,,,,,,,,,*zʼvʼězda̠,,zʼvʼɪzda̠,,,,,,
земe̠ль / zʼɪmʼe̠lʼ,*zemju̠,,*zemji̠,,,,,,*zemlji̠,,,,,,,,,,*zemlˊji̠,,,,,,,,,*zemlˊjь̠,,*zemlˊь̠,*zemьlˊь̠,*zʼemʼьlˊь̠,,,*zʼemʼь2lˊь̠1,,*zʼemʼь̠2lˊь1,,,,,,,,,,,,*zʼemʼь̠2lˊ,,,*zʼemʼь̠2lʼ,*zʼemʼe̠lʼ,,,,,,,,,,,,,,,zʼɪmʼe̠lʼ,,,,,"vgl. земля̠, зe̠млю",
земля̠ / zʼɪmlʼa̠,*zemjā̠˙,,*zemjē̠˙,,*zemjā̠˙,,,,*zemljā̠˙,,,,,,,,,,*zemlˊjā̠˙,,,,,,,,,,*zemlˊja̠,*zemlˊa̠,,*zʼemlˊa̠,,,,,,,,,,,,,,,,,,,,*zʼemlʼa̠,,,,,,,,,,,,,,,,zʼɪmlʼa̠,,,,,"vgl. земe̠ль, зe̠млю",
зe̠млю / zʼe̠mlʼu,*zemjān,,*zemjēn,,*zemjān,,,,*zemljān,,,,,,,*zemljan,,,*zemlˊjan,,,,,*zemlˊjon,,zemlˊjǭ,,,*zemlˊjǫ,*zemlˊǫ,,*zʼemlˊǫ,*zʼemlˊọ,,,,,,*zʼemlˊu,,,,,,,,,,,,,*zʼemlʼu,,zʼe̠mlʼu,,,,,,,,,,,,,,,,,,,"vgl. земe̠ль, земля̠",
зимa̠ / zʼima̠,*zejmā̠˙,,,*zẹ̄mā̠˙,,,*zīmā̠˙,,,,,,,,,,,,,,,,,,,,,,*zīma̠,,,*zʼīma̠,,,,,,,,,,,,,,,,,,,,,,,,,,,,,,,,,,zʼima̠,,,,,,,"vgl. зи̠му, зимy̠сь",
зu̠му / zʼi̠mu,*zejmān,,,*zẹ̄mān,,,*zīmān,,,,,,,,,*zīman,,,,,,,,*zīmon,,*zīmǭ,,,*zīmǫ,,,*zʼīmǫ,*zʼīmọ,,,,,,*zʼīmu,,,,,,,,,,,,,,,*zʼī̠mu,,,,,,,,,,,,zʼi̠mu,,,,,,,"vgl. зимa̠, зимy̠сь",
зимy̠сь / zʼimu̠sʼ,*zejmā̠n si,,,*zẹ̄mā̠n si,,,*zīmā̠n si,,,,,*zīmān si̠,,,,*zīman si̠,,,,,,,,*zīmon si̠,,*zīmǭ si̠,,*zīmǭ sь̠,,,,*zʼīmǭ sʼь̠,*zʼīmọ̄ sʼь̠,,*zʼīmọ̄ sʼь̠1,,*zʼīmọ̠̄ sʼь1,,*zʼīmū̠ sʼь1,,,,,,,,,,*zʼīmū̠ sʼ,,,,,,,,,,,,,,,,,zʼimu̠sʼ,,,,,,,"vgl. зимa̠, зи̠му",
знa̠ют / zna̠jut,*znā̠˙janti,,*znā̠˙jenti,,,,,,,,,,,,,,,,,,,,,*znā̠˙jonti,,*znā̠˙jǭti,,*znā̠˙jǭtь,,,,*znā̠˙jǭtʼь,*znā̠˙jọ̄tʼь,,*znā̠˙jọ̄tʼь1,,,*znā̠jọ̄tʼь1,*znā̠jūtʼь1,,,,,,,,,,*znā̠jūtʼ,,,,,,,,,,,,,,,,,zna̠jut,,,,,,,,
зy̠б / zu̠p,*zambu,,,,,,,,,,,,,,,,,,,,,,,*zombu,,*zǭbu,,*zǭbъ,,,,,*zọ̄bъ,,*zọ̄bъ1,,,,*zūbъ1,,,,,,,,,,*zūb,,,,,*zū̠b,,,*zū̠p,,,,,,,,,zu̠p,,,,,,,,
зя̠ть / zʼa̠tʼ,*ze̠n˙ti,,,,,,,,,,,,,,,,,,,,,,,,,*zę̠̄˙ti,,*zę̠̄˙tь,,,,*zʼę̠̄˙tʼь,*zʼa̠˙tʼь,,*zʼā̠˙tʼь1,,,*zʼā̠tʼь1,,,,,,,,,,,*zʼā̠tʼ,,,,,,,,,,,,,,,,,zʼa̠tʼ,,,,,,,,
u̠вa / i̠və,*e̠j˙wā˙,,,*ī̠˙wā˙,,,,,,,,,*ī̠˙wā,,,,,,,,,,,,*jī̠˙wā,,,,*jī̠˙wa,,,,,,,,,*jī̠wa,,,,*ī̠wa,,,,,,,,,,,,,,*ī̠va,,,,,,,,,,*i̠va,,i̠və,,,,,,
иглa̠ / igla̠,*jugulā̠˙,,*jigulā̠˙,,,,,,,,,,,,,,,,,,,,,,,,,*jьgъlā̠˙,*jьgъla̠,,,,,*igъla̠,*igъ1la̠,,,,,,,,,,,,,,igla̠,,,,,,,,,,,,,,,,,,,,,,,,,
u̠го / i̠gə,*juga,,*jiga,,,,,,,,,,,,,,,,,,,,,*jigo,,,,*jьgo,,,,,,*igo,,,,,,,,,,,,,,,,,,,,*i̠go,,,,,,,,,,,,,,i̠gə,,,,,,
игрa̠ / igra̠,*i̠grā˙,,,,,,,,,,,*igrā̠˙,,,,,,,,,,,,,*jigrā̠˙,,,*jьgrā̠˙,*jьgra̠,,,,,igra̠,,,,,,,,,,,,,,,,,,,,,,,,,,,,,,,,,,,,,,,,
u̠х / i̠x,*ja̠jxu,,*je̠jxu,*jẹ̠̄xu,,,*jī̠xu,,,,,*jīxu̠,,,,,,,,,,,,,,,,*jīxъ̠,,,,,,,*jīxъ̠1,,*jī̠xъ1,,,,,*ī̠xъ1,,,,,,,*ī̠x,,,,,,,,,,,,,,,,,i̠x,,,,,,,,
кa̠мень / ka̠mʼɪnʼ,*kā̠˙meni,,,,,,,,,,,,,,,,,,,,,,,,,,,*kā̠˙menь,,,,*kā̠˙mʼenʼь,,,*kā̠˙mʼenʼь1,,,*kā̠mʼenʼь1,,,,,,,,,,,*kā̠mʼenʼ,,,,,,,,,,,,,,,,,*ka̠mʼenʼ,,ka̠mʼɪnʼ,,,,,,
кa̠пель / ka̠pʼɪlʼ,*kā̠˙pju,,*kā̠˙pji,,,,,,*kā̠˙plji,,,,,,,,,,*kā̠˙plˊji,,,,,,,,,*kā̠˙plˊjь,,*kā̠˙plˊь,*kā̠˙pьlˊь,*kā̠˙pʼьlˊь,,,*kā̠˙pʼь2lˊь1,,,*kā̠pʼь2lˊь1,,,,,,,,,,,*kā̠pʼь2lˊ,,,*kā̠pʼь2lʼ,*kā̠pʼelʼ,,,,,,,,,,,,,*ka̠pʼelʼ,,ka̠pʼɪlʼ,,,,,,
кисe̠ль / kʼisʼe̠lʼ,*kū˙se̠lju,,*kū˙se̠lji,,,,,,,,,*kū˙selji̠,*kūselji̠,,,,,*kȳselji̠,*kȳselˊji̠,,,,,,,,,*kȳselˊjь̠,,*kȳselˊь̠,,*kȳsʼelˊь̠,,,*kȳsʼelˊь̠1,,*kȳsʼe̠lˊь1,,,,,,,,,,,,*kȳsʼe̠lˊ,,,*kȳsʼe̠lʼ,,,,,,,,,,,,*kīsʼe̠lʼ,*kʼīsʼe̠lʼ,kʼisʼe̠lʼ,,,,,,,,
кня̠зь / knʼa̠sʼ,*kuningu,*kunińdˊu,*kunińdˊi,,,,,,,,,,,*kunińdzʼi,,,,,,,,,,,,*kunę̄dzʼi,,*kъnę̄dzʼь,,,,*kъnʼę̄dzʼь,*kъnʼādzʼь,,*kъ1nʼādzʼь1,,,,,,,,,,,,*kъ1nʼāzʼь1,,*knʼāzʼ,,,,,*knʼā̠zʼ,,,*knʼā̠sʼ,,,,,,,,,knʼa̠sʼ,,,,,,,,
кo̠жа / ko̠żə,*ka̠zjā˙,,*ka̠zjē˙,,*ka̠zjā˙,,,,,,,*kazjā̠˙,,,,,,,*kažjā̠˙,,,,,*kožjā̠˙,,,,,*kožja̠,*kožā̠,,,,,,*ko̠žā,,,,,,,,,*kô̠žā,,,,,,,,,,,,,*kô̠żā,,,,,,,,*kô̠ża,,*kô̠żə,,,,ko̠żə,,
кo̠лем / ko̠lʼɪm,*ka̠ljemu,,,,,,,,,,,*kalje̠mu,,,,,,,*kalˊje̠mu,,,,,kolˊje̠mu,,,,*kolˊje̠mъ,,*kolˊē̠mъ,,,,,*kolˊē̠mъ1,*ko̠lˊēmъ1,,,,,,,,,*kô̠lˊēmъ1,,,,*kô̠lˊēm,,,*kô̠lʼēm,,,,,,,,,,,,,,*kô̠lʼem,,*kô̠lʼɪm,,,,ko̠lʼɪm,vgl. колo̠ть,
кo̠лоб / ko̠ləp,*kalbu,,,,,,,,,,,,,,,,,,,,,,*kalabu,*kolobu,,,,*kolobъ,,,,,,,*kolobъ1,,,,,,,,,,,,,,*kolob,,,,,*ko̠lob,,,*ko̠lop,,,,,,,,,,,ko̠ləp,,,,,,"Aus dem Slavischen entlehnt ist lüd. kolb, das entweder das zweite Segment der Pleophonie verloren hat oder der hier vorgeschlagenen relativen Chronologie widerspricht (s. § 23)."
колокo̠лка / kəlʌko̠lkə,*ka̠lkalukā˙,,,,,,,,,,,*kalka̠lukā˙,*kalka̠lukā,,,,,,,,,,*kalaka̠lukā,*koloko̠lukā,,,,*koloko̠lъkā,*koloko̠lъka,,,,,,*koloko̠lъ1ka,,,,,,,,,,*kolokô̠lъ1ka,,,,*kolokô̠lka,,,,,,,,,,,,,,,,,,,*kəlʌkô̠lkə,,,,kəlʌko̠lkə,,Vor § 22 und vor § 23 entlehnt ist weps. kau̯kal.
колo̠ть / kʌlo̠tʼ,*ka̠l˙tēj,,,*ka̠l˙tẹ̄,,,*ka̠l˙tī,,,,,,,,,,,,,,,,*kala̠tī,*kolo̠tī,,,,,*kolo̠ti,,,*kolo̠tʼi,,,,,,,,,,,,,*kolô̠tʼi,,,,,,,,,,,,,,,,,,,,,,,*kʌlô̠tʼi,,,,*kʌlo̠tʼi,vgl. кo̠лем,
колo̠ша / kʌlo̠ṡə,*ka̠lsjā˙,,*ka̠lsjē˙,,*ka̠lsjā˙,,,,,,,*kalsjā̠˙,,,,,,,*kalšjā̠˙,,,,*kalašjā̠˙,*kološjā̠˙,,,,,*kološja̠,*kološā̠,,,,,,*kolo̠šā,,,,,,,,,*kolô̠šā,,,,,,,,,,,,,*kolô̠ṡā,,,,,,,,*kolô̠ṡa,,*kʌlô̠ṡə,,,,kʌlo̠ṡə,,Vor § 22 und § 23 entlehnt ist finn. kalsu.
комa̠р / kʌma̠r,*kamā̠ru,,,,,,,,,,,*kamāru̠,,,,,,,,,,,,*komāru̠,,,,*komārъ̠,,,,,,,*komārъ̠1,,*komā̠rъ1,,,,,,,,,,,,*komā̠r,,,,,,,,,,,,,,,,,*koma̠r,,kʌma̠r,,,,,vgl. mit anderem Ablaut шмe̠ль,
кo̠нь / ko̠nʼ,*ka̠nju,,*ka̠nji,,,,,,,,,*kanji̠,,,,,,,*kańji̠,,,,,*końji̠,,,,*końjь̠,,*końь̠,,,,,*końь̠1,,*ko̠ńь1,,,,,,,,*kô̠ńь1,,,,*kô̠ń,,,*kô̠nʼ,,,,,,,,,,,,,,,,,,,,ko̠nʼ,,
кo̠роб / ko̠rəp,*karbu,,,,,,,,,,,,,,,,,,,,,,*karabu,*korobu,,,,*korobъ,,,,,,,*korobъ1,,,,,,,,,,,,,,*korob,,,,,*ko̠rob,,,*ko̠rop,,,,,,,,,,,ko̠rəp,,,,,,Nach § 22 und vielleicht vor § 27 entlehnt ist ol. korobu.
коробья̠ / kərʌbʼja̠,*karbi̠jā˙,,,,,,,,,,,*karbijā̠˙,,,,,,,,,,,*karabijā̠˙,*korobijā̠˙,,,,*korobьjā̠˙,*korobьja̠,,,*korobʼьja̠,,,*korobʼь1ja̠,,,,,,,,,,,,,,*korobʼja̠,,,,,,,,,,,,,,,,,,,kərʌbʼja̠,,,,,vgl. кo̠роб,Vor § 22 und § 23 entlehnt ist finn. karpio.
корo̠ва / kʌro̠və,*ka̠r˙wā˙,,,,,,,,,,,,ka̠r˙wā,,,,,,,,,,*kara̠wā,*koro̠wā,,,,,*koro̠wa,,,,,,,,,,,,,,,,*korô̠wa,,,,,,,,,,,*korô̠va,,,,,,,,,,,,*kʌrô̠və,,,,kʌro̠və,,
корo̠ль / kʌro̠lʼ,*ka̠rlju,,*ka̠rlji,,,,,,,,,*karlji̠,,,,,,,*karlˊji̠,,,,*karalˊji̠,*korolˊji̠,,,,*korolˊjь̠,,*korolˊь̠,,,,,*korolˊь̠1,,*koro̠lˊь1,,,,,,,,*korô̠lˊь1,,,,*korô̠lˊ,,,*korô̠lʼ,,,,,,,,,,,,,,,,*kʌrô̠lʼ,,,,kʌro̠lʼ,,
корo̠ста / kʌro̠stə,*ka̠r˙stā˙,,,,,,,,,,,,*ka̠r˙stā,,,,,,,,,,*kara̠stā,*koro̠stā,,,,,*koro̠sta,,,,,,,,,,,,,,,,*korô̠sta,,,,,,,,,,,,,,,,,,,,,,,*kʌrô̠stə,,,,kʌro̠stə,,Vor § 22 ins Finnische entlehnt ist finn. karsta.
коры̠то (1) / kʌry̠tə,*karū̠˙ta,,,,,,,,,,,,,,,,,*karȳ̠˙ta,,,,,,*korȳ̠˙to,,,,,,,,,,,,,,*korȳ̠to,,,,,,,,,,,,,,,,,,,,,,,,,,,,*kory̠to,,kʌry̠tə,,,,,,
коры̠то (2) / kʌry̠tə,*ka̠rū˙ta,,,,,,,,,,,*karū̠˙ta,,,,,,*karȳ̠˙ta,,,,,,*korȳ̠˙to,,,,,,,,,,,,,,*korȳ̠to,,,,,,,,,,,,,,,,,,,,,,,,,,,,*kory̠to,,kʌry̠tə,,,,,,
котцa̠ / kʌtca̠,*kati̠kā,*kati̠tˊā,*kati̠tˊē,,*kati̠tˊā,,,,,,,*katitˊā̠,,*katicʼā̠,,,,,,,,,,*koticʼā̠,,,,*kotьcʼā̠,*kotьcʼa̠,,,kotʼьcʼa̠,,,*kotʼь1cʼa̠,,,,,,,,,,,,,,*kotʼcʼa̠,,,,,,,,,,,,*kotʼca̠,*kotca̠,,,,,,kʌtca̠,,,,,,"Nach § 1 und möglicherweise auch nach § 13, aber vor § 23 und § 48 entlehnt ist finn. katitsa."
крa̠й / kra̠j,*krā̠˙ju,,*krā̠˙ji,,,,,,,,,,,,,,,,,,,,,,,,,*krā̠˙jь,,,,,,,*krā̠˙jь1,,,*krā̠jь1,,,,,,,,,,,*krā̠j,,,,,,,,,,,,,,,,,kra̠j,,,,,,,,
крa̠сный / kra̠snəj,*krā̠sinuju,,*krā̠sinuji,,,,,,,,,*krāsi̠nuji,,,,,,,,,,,,,,,,*krāsь̠nъjь,,,,*krāsʼь̠nъjь,,,*krāsʼь̠1nъ2jь1,,*krā̠sʼь1nъ2jь1,,,,,,,,,,,,*krā̠sʼnъ2j,,,,*krā̠sʼnoj,,,,,,,,,*krā̠snoj,,,,*kra̠snoj,,kra̠snəj,,,,,,
крo̠вь / kro̠fʼ,*kruwi,,,,,,,,,,,,,,,,,,,,,,,,,,,*krъwь,,,,*krъwʼь,,,*krъ2wʼь1,,,,,,,,,,,,,,*krъ2wʼ,,,,*krowʼ,*kro̠wʼ,,*kro̠vʼ,kro̠fʼ,,,,,,,,,,,,,,,,,
ктo̠ / kto̠,*kuta,,,,,,,,,,,,,,,,,,,,,,,*kuto,,,,*kъto,,,,,,,*kъ1to,,,,,,,,,,,,,,*kto,,,,,kto̠,,,,,,,,,,,,,,,,,,,vgl. чтo̠,
лa̠нь / la̠nʼ,*a̠l˙ni,,,,,,,,,,*lā̠˙ni,,,,,,,,,,,,,,,,,*lā̠˙nь,,,,*lā̠˙nʼь,,,*lā̠˙nʼь1,,,*lā̠nʼь1,,,,,,,,,,,*lā̠nʼ,,,,,,,,,,,,,,,,,la̠nʼ,,,,,,,,
лебедa̠ / lʼɪbʼɪda̠,*elbedā̠˙,,,,,,,,,,*lebedā̠˙,,,,,,,,,,,,,,,,,,*lebeda̠,,,*lʼebʼeda̠,,,,,,,,,,,,,,,,,,,,,,,,,,,,,,,,,,,,lʼɪbʼɪda̠,,,,,,
лё̠д / lʼo̠t,*ledu,,,,,,,,,,,,,,,,,,,,,,,,,,,*ledъ,,,,*lʼedъ,,,*lʼedъ1,,,,,,,,,,,,,,*lʼed,,,,,*lʼe̠d,,,*lʼe̠t,,,lʼo̠t,,,,,,,,,,,,,,
лe̠то / lʼe̠tə,*lē̠˙ta,,,,,,,,,,,,,,,,,,,,,,,*lē̠˙to,,,*lě̠̄˙to,,,,,*lʼě̠̄˙to,,,,,,*lʼě̠̄to,,,,,,,,,,,,,,,,,,,,,,,,,,,,*lʼě̠to,,*lʼě̠tə,,,lʼe̠tə,,,
лицo̠ / lʼico̠,*le̠jka,*le̠jtˊa,*le̠jtˊe,*lẹ̠̄tˊe,,,*lī̠tˊe,,,,,*lītˊe̠,,*līcʼe̠,,,,,,,,,,,,,,,,,,*lʼīcʼe̠,,,,,,,,,,,,,,,,,,,,,,,,,,,,*lʼīcʼo̠,*lʼīco̠,,,,,lʼico̠,,,,,,,,
лo̠жка / lo̠ṡkə,*lu̠džikā˙,,,,,,,,,,,*ludži̠kā˙,,,,,,,,,,,,,,,,*lъdžь̠kā˙,lъdžь̠ka,,,,,,*lъ2džь̠1ka,,*lъ̠2džь1ka,,,*lъ̠2žь1ka,,,,,,,,,*lъ̠2žka,,,,*lo̠žka,,,,*lo̠ška,*lo̠ṡka,,,,,,,,,,lo̠ṡkə,,,,,,
лo̠коть / lo̠kətʼ,*alkuti,,,,,,,,,,*lakuti,,,,,,,,,,,,,*lokuti,,,,*lokъtь,,,,*lokъtʼь,,,*lokъ2tʼь1,,,,,,,,,,,,,,*lokъ2tʼ,,,,*lokotʼ,*lo̠kotʼ,,,,,,,,,,,,,,lo̠kətʼ,,,,,,
лукa̠вый / luka̠vəj,*la̠nkā˙wuju,,*la̠nkā˙wuji,,,,,,,,,*lankā̠˙wuji,,,,,,,,,,,,*lonkā̠˙wuji,,*lǭkā̠˙wuji,,*lǭkā̠˙wъjь,,,,,*lọ̄kā̠˙wъjь,,*lọ̄kā̠˙wъ2jь1,,,*lọ̄kā̠wъ2jь1,*lūkā̠wъ2jь1,,,,,,,,,,*lūkā̠wъ2j,,,,*lūkā̠woj,,,*lūkā̠voj,,,,,,,,,,*luka̠voj,,luka̠vəj,,,,,,
лю̠т / lʼju̠t,*lja̠wtu,,*lje̠wtu,*ljọ̠̄tu,,,,,,,,*ljọ̄tu̠,,,,,,,*lˊjọ̄tu̠,,,,,,,,,*lˊjọ̄tъ̠,,,,,,,*lˊjọ̄tъ̠1,,*lˊjọ̠̄tъ1,,*lˊjū̠tъ1,,,,,,,,,,*lˊjū̠t,,,*lʼjū̠t,,,,,,,,,,,,,,lʼju̠t,,,,,,,,"Nach § 3 und nach § 11, aber vor § 36 entlehnt ist lett. l̦ùoti."
малu̠на / mʌlʼi̠nə,*mālī̠˙nā˙,,,,,,,,,,,,*mālī̠˙nā,,,,,,,,,,,,,,,,*mālī̠˙na,,,*mālʼī̠˙na,,,,,,*mālʼī̠na,,,,,,,,,,,,,,,,,,,,,,,,,,,,*malʼi̠na,,mʌlʼi̠nə,,,,,,
межa̠ / mʼɪża̠,*medjā̠˙,,*medjē̠˙,,*medjā̠˙,,,,,,,,,,,,,,*medˊjā̠˙,,,*medžjā̠˙,,,,,,,*medžja̠,*medža̠,,*mʼedža̠,,,,,,,,*mʼeža̠,,,,,,,,,,,,,,,,,,*mʼeża̠,,,,,,,,,,mʼɪża̠,,,,,,
мелю̠ / mʼɪlʼu̠,*me̠ljān,,*me̠ljēn,,*me̠ljān,,,,,,,*meljā̠n,,,,*melja̠n,,,*melˊja̠n,,,,,*melˊjo̠n,,*melˊjǭ̠,,,*melˊjǫ̠,*melˊǫ̠,,*mʼelˊǫ̠,*mʼelˊọ̠,,,,,,*mʼelˊu̠,,,,,,,,,,,,,*mʼelʼu̠,,,,,,,,,,,,,,,,mʼɪlʼu̠,,,,,vgl. молo̠ть,
мe̠ра / mʼe̠rə,*mē̠˙rā˙,,,,,,,,,,,,*mē̠˙rā,,,,,,,,,,,,,,*mě̠̄˙rā,,*mě̠̄˙ra,,,*mʼě̠̄˙ra,,,,,,*mʼě̠̄ra,,,,,,,,,,,,,,,,,,,,,,,,,,,,*mʼě̠ra,,*mʼě̠rə,,,mʼe̠rə,,,
мерё̠жа / mʼɪrʼo̠żə,*me̠r˙džjā˙,,,,,,,,,,,,*me̠r˙džjā,,,,,,,,,,*mere̠džjā,,,,,,*mere̠džja,*mere̠dža,,*mʼerʼe̠dža,,,,,,,,*mʼerʼe̠ža,,,,,,,,,,,,,,,,,,*mʼerʼe̠ża,,*mʼerʼo̠ża,,,,,,,,mʼɪrʼo̠żə,,,,,,
мe̠стный / mʼe̠snəj,*ma̠j˙stinuju,,*ma̠j˙stinuji,*mē̠˙stinuji,,,,,,,,,,,,,,,,,,,,,,,*mě̠̄˙stinuji,*mě̠̄˙stьnъjь,,,,*mʼě̠̄˙stʼьnъjь,,,*mʼě̠̄˙stʼь1nъ2jь1,,,*mʼě̠̄stʼь1nъ2jь1,,,,,,,,,,,*mʼě̠̄stʼnъ2j,,*mʼě̠̄sʼnъ2j,,*mʼě̠̄sʼnoj,,,,,,,,,*mʼě̠̄snoj,,,,*mʼě̠snoj,,*mʼě̠snəj,,,mʼe̠snəj,,,
мe̠сяц / mʼe̠sʼɪc,*mē̠˙sinku,*mē̠˙sintˊu,*mē̠˙sintˊi,,,,,,,,,,,*mē̠˙sincʼi,,,,,,,,,,,,*mē̠˙sę̄cʼi,*mě̠̄˙sę̄cʼi,*mě̠̄˙sę̄cʼь,,,,*mʼě̠̄˙sʼę̄cʼь,*mʼě̠̄˙sʼācʼь,,*mʼě̠̄˙sʼācʼь1,,,*mʼě̠̄sʼācʼь1,,,,,,,,,,,*mʼě̠̄sʼācʼ,,,,,,,,,,,,*mʼě̠̄sʼāc,,,,,*mʼě̠sʼac,,*mʼě̠sʼɪc,,,mʼe̠sʼɪc,,vgl. мe̠сячный,
мe̠сячный / mʼe̠sʼɪčnəj,*mē̠˙sińčinuju,,*mē̠˙sińčinuji,,,,,,,,,,,,,,,,,,,,,,,*mē̠˙sę̄činuji,*mě̠̄˙sę̄činuji,*mě̠̄˙sę̄čьnъjь,,,,*mʼě̠̄˙sʼę̄čьnъjь,*mʼě̠̄˙sʼāčьnъjь,,*mʼě̠̄˙sʼāčь1nъ2jь1,,,*mʼě̠̄sʼāčь1nъ2jь1,,,,,,,,,,,*mʼě̠̄sʼāčnъ2j,,,,*mʼě̠̄sʼāčnoj,,,,,,,,,,,,,*mʼě̠sʼačnoj,,*mʼě̠sʼɪčnəj,,,mʼe̠sʼɪčnəj,,vgl. мe̠ся,
мизu̠нец / mʼizʼi̠nʼɪc,*majzī̠˙niku,*majzī̠˙nitˊu,*majzī̠˙nitˊi,*mēzī̠˙nitˊi,,,,,,,,,,*mēzī̠˙nicʼi,,,,,,,,,,,,,*mě̄zī̠˙nicʼi,*mě̄zī̠˙nьcʼь,,,,*mʼě̄zʼī̠˙nʼьcʼь,,,mʼě̄zʼī̠˙nʼь2cʼь1,,,*mʼě̄zʼī̠nʼь2cʼь1,,,,,,,,,,,*mʼě̄zʼī̠nʼь2cʼ,,,,*mʼě̄zʼī̠nʼecʼ,,,,,,,,*mʼě̄zʼī̠nʼec,,,,,*mʼězʼi̠nʼec,*mʼizʼi̠nʼec,mʼizʼi̠nʼɪc,,,,,,
мu̠р / mʼi̠r,*mej˙ru,,,*mẹ̄˙ru,,,*mī˙ru,,,,,,*mīru,,,,,,,,,,,,,,,*mīrъ,,,,*mʼīrъ,,,*mʼīrъ1,,,,,,,,,,,,,,*mʼīr,,,,,*mʼī̠r,,,,,,,,,,,,mʼi̠r,,,,,,,,"Nach § 3, aber vor § 6 ins Finnische entlehnt ist kar. miero."
моё̠ / mʌjo̠,*ma̠ja,,*ma̠je,,,,,,,,,*maje̠,,,,,,,,,,,,*moje̠,,,,,,,,,,,,,,,,,,,,,,,,,,,,,,,,,,,,*mojo̠,,,,,,,,mʌjo̠,,,,,"vgl. мo̠й, моя̠, моё̠м, мои̠",
моё̠м / mʌjo̠m,*ma̠jemi,,,,,,,,,,,*maje̠mi,,,,,,,,,,,,*moje̠mi,,,,*moje̠mь,,,,*moje̠mʼь,,,*moje̠mʼь1,,,,,,,,,,,,,,*moje̠mʼ,,,,,,,,,,*moje̠m,*mojo̠m,,,,,,,,mʌjo̠m,,,,,"vgl. мo̠й, моя̠, моё̠, мои̠",
мo̠зг / mo̠sk,*mazgu,,,,,,,,,,,,,,,,,,,,,,,*mozgu,,,,*mozgъ,,,,,,,*mozgъ1,,,,,,,,,,,,,,*mozg,,,,,*mo̠zg,,,mo̠sk,,,,,,,,,,,,,,,,,
моu̠ / mʌi̠,*ma̠juj,,*ma̠jij,*ma̠jī,,,,,,,,*majī̠,,,,,,,,,,,,*mojī̠,,,,,*moji̠,,,,,,,,,,,,,,*moi̠,,,,,,,,,,,,,,,,,,,,,,,,,mʌi̠,,,,,"vgl. мo̠й, моя̠, моё̠, моё̠м",
мo̠й / mo̠j,*ma̠ju,,*ma̠ji,,,,,,,,,*maji̠,,,,,,,,,,,,*moji̠,,,,*mojь̠,,,,,,,*mojь̠1,,*mo̠jь1,,,,,,,,*mô̠jь1,,,,*mô̠j,,,,,,,,,,,,,,,,,,,,,,,mo̠j,"vgl. моя̠, моё̠, моё̠м, мои̠",
мo̠лод / mo̠lət,*maldu,,,,,,,,,,,,,,,,,,,,,,*maladu,*molodu,,,,*molodъ,,,,,,,*molodъ1,,,,,,,,,,,,,,*molod,,,,,*mo̠lod,,,*mo̠lot,,,,,,,,,,,mo̠lət,,,,,"vgl. мoлодa̠, молодo̠й, молo̠же, молодёжь",
молодa̠ / məlʌda̠,*maldā̠˙,,,,,,,,,,,,,,,,,,,,,,*maladā̠˙,*molodā̠˙,,,,,*moloda̠,,,,,,,,,,,,,,,,,,,,,,,,,,,,,,,,,,,,,,,məlʌda̠,,,,,"vgl. мo̠лод, молодo̠й, молo̠же, молодёжь",
молодё̠жь / məlʌdʼo̠ṡ,*malde̠džju,,*malde̠džji,,,,,,,,,*maldedžji̠,,,,,,,,,,,*maladedžji̠,*molodedžji̠,,,,*molodedžjь̠,,*molodedžь̠,,*molodʼedžь̠,,,*molodʼedžь̠1,,*molodʼe̠džь1,,,*molodʼe̠žь1,,,,,,,,,*molodʼe̠ž,,,,,,,,*molodʼe̠š,*molodʼe̠ṡ,,*molodʼo̠ṡ,,,,,,,,məlʌdʼo̠ṡ,,,,,"vgl. мo̠лод, мoлодa̠, молодo̠й, молo̠же",
молодo̠й / məlʌdo̠j,*maldu̠ju,,*maldu̠ji,,,,,,,,,*malduji̠,,,,,,,,,,,*maladuji̠,*moloduji̠,,,,*molodъjь̠,,,,,,,*molodъ2jь̠1,,*molodъ̠2jь1,,,,,,,,,,,,*molodъ̠2j,,,,*molodo̠j,,,,,,,,,,,,,,,məlʌdo̠j,,,,,"vgl. мo̠лод, мoлодa̠, молo̠же, молодёжь",
молo̠же / mʌlo̠żə,*ma̠ldja,,*ma̠ldje,,,,,,,,,*maldje̠,,,,,,,*maldˊje̠,,,*maldžje̠,*maladžje̠,*molodžje̠,,,,,,*molodžē̠,,,,,,*molo̠džē,,,,*molo̠žē,,,,,*molô̠žē,,,,,,,,,,,,,*molô̠żē,,,,,,,,*molô̠że,,*mʌlô̠żə,,,,mʌlo̠żə,"vgl. мo̠лод, мoлодa̠, молодo̠й, молодёжь",
молокo̠ / məlʌko̠,*me̠lka,,,,,,,,,,,*melka̠,,,,,,,,*malka̠,,,*malaka̠,*moloko̠,,,,,,,,,,,,,,,,,,,,,*molokô̠,,,,,,,,,,,,,,,,,,,,,,,*məlʌkô̠,,,,məlʌko̠,vgl. молo̠чный,
молo̠тит / mʌlo̠tʼit,*ma̠ltejti,,,*ma̠ltẹ̄ti,,,ma̠ltīti,,,,,*maltī̠ti,,,,,,,,,,,*malatī̠ti,*molotī̠ti,,,,*molotī̠tь,,,,*molotʼī̠tʼь,,,*molotʼī̠tʼь1,*molo̠tʼītʼь1,,,,,,,,,*molô̠tʼītʼь1,,,,*molô̠tʼītʼ,,,,,,,,,,,,,,,,,*molô̠tʼitʼ,,*mʌlô̠tʼit,,,,mʌlo̠tʼit,,
молo̠ть / mʌlo̠tʼ,me̠l˙tēj,,,*me̠l˙tẹ̄,,,*me̠l˙tī,,,,,,,,,,,,,*ma̠l˙tī,,,*mala̠tī,*molo̠tī,,,,,*molo̠ti,,,*molo̠tʼi,,,,,,,,,,,,,*molô̠tʼi,,,,,,,,,,,,,,,,,,,,,,,*mʌlô̠tʼ,,,,mʌlo̠tʼ,vgl. мелю̠,
молo̠чный / mʌlo̠ṡnəj,*me̠lčinuju,,*me̠lčinuji,,,,,,,,,*melči̠nuji,,,,,,,,*malči̠nuji,,,*malači̠nuji,*moloči̠nuji,,,,*moločь̠nъjь,,,,,,,*moločь̠1nъ2jь1,,*molo̠čь1nъ2jь1,,,,,,,,*molô̠čь1nъ2jь1,,,,*molô̠čnъ2j,,*molô̠šnъ2j,,*molô̠šnoj,,,,,*molô̠ṡnoj,,,,,,,,,,*mʌlô̠ṡnəj,,,,mʌlo̠ṡnəj,vgl. молокo̠,
молочy̠ / məlʌču̠,*ma̠ltjān,,*ma̠ltjēn,,*ma̠ltjān,,,,,,,*maltjā̠n,,,,*maltja̠n,,,*maltˊja̠n,,,*malčja̠n,*malačja̠n,*moločjo̠n,,*moločjǭ̠,,,*moločjǫ̠,*moločǫ̠,,,*moločọ̠,,,,,,*moloču̠,,,,,,,,,,,,,,,,,,,,,,,,,,,,,məlʌču̠,,,,,vgl. молo̠тит,
мo̠чь / mo̠č,*makti,,,,,,,,,,,,,,*makˊtˊi,,*matˊi,,,,,*mači,,*moči,,,,*močь,,,,,,,*močь1,,,,,,,,,,,,,,*moč,,,,,mo̠č,,,,,,,,,,,,,,,,,,,,
моя̠ / mʌja̠,*ma̠jā˙,,*ma̠jē˙,,*ma̠jā˙,,,,,,,*majā̠˙,,,,,,,,,,,,*mojā̠˙,,,,,*moja̠,,,,,,,,,,,,,,,,,,,,,,,,,,,,,,,,,,,,,,,mʌja̠,,,,,"vgl. мo̠й, моё̠, моё̠м, мои̠",
мy̠ка / mu̠kə,*ma̠n˙kā˙,,,,,,,,,,,,*ma̠n˙kā,,,,,,,,,,,*mo̠n˙kā,,*mǭ̠˙kā,,,*mǭ̠˙ka,,,,*mọ̠̄˙ka,,,,,*mọ̠̄ka,*mū̠ka,,,,,,,,,,,,,,,,,,,,,,,,,,,*mu̠ka,,mu̠kə,,,,,,Nach § 32 entlehnt ist lett. muõka
мя̠л (1) / mʼa̠l,*mi̠n˙lu,,,,,,,,,,,,,,,,,,,,,,,,,*mę̠̄˙lu,,*mę̠̄˙lъ,,,,*mʼę̠̄˙lъ,*mʼā̠˙lъ,,*mʼā̠˙lъ1,,,*mʼā̠lъ1,,,,,,,,,,,*mʼā̠l,,,,,,,,,,,,,,,,,mʼa̠l,,,,,,,,
мя̠л (2) / mʼa̠l,*me̠n˙lu,,,,,,,,,,,,,,,,,,,,,,,,,*mę̠̄˙lu,,*mę̠̄˙lъ,,,,*mʼę̠̄˙lъ,*mʼā̠˙lъ,,*mʼā̠˙lъ1,,,*mʼā̠lъ1,,,,,,,,,,,*mʼā̠l,,,,,,,,,,,,,,,,,mʼa̠l,,,,,,,,
мя̠со / mʼa̠sə,*mensa,,,,,,,,,,,,,,,,,,,,,,,*menso,,*mę̄so,,,,,,*mʼę̄so,*mʼāso,,,,,,,,,,,,,,,,,,,,,*mʼā̠so,,,,,,,,,,,,*mʼa̠so,,mʼa̠sə,,,,,,
нa̠ново / na̠nəvə,*nā nawa,,,,,,,,,,,,,,,,,,,,,,,*nā nowo,,,,,,,,,,,,,,,,,,,,,,,,,,,,,,*nā̠ nowo,,*nā̠ novo,,,,,,,,,,*na̠ novo,,*na̠ nəvə,,,,,,
нё̠бо / nʼo̠bə,*neba,,,,,,,,,,,,,,,,,,,,,,,*nebo,,,,,,,,*nʼebo,,,,,,,,,,,,,,,,,,,,,,*nʼe̠bo,,,,,,*nʼo̠bo,,,,,,,,nʼo̠bə,,,,,,
нa̠голову / na̠gələvu,*nā gal˙wān,,,,,,,,,,,,*nā galwān,,,*nā galwan,,,,,,,*nā galawan,*nā golowon,,*nā golowǭ,,,*nā golowǫ,,,,*nā golowọ,,,,,,*nā golowu,,,,,,,,,,,,,,,*nā̠ golowu,,*nā̠ golovu,,,,,,,,,,*na̠ golovu,,*na̠ gələvu,,,,,"vgl. головa̠, гo̠лову",
-ник / -nʼik,*-inej˙ku,,,*-inẹ̄˙ku,,,*-inī˙ku,,,,,,,,,,,,,,,,,,,,,*-ьnī˙kъ,,,,*-ьnʼī˙kъ,,,*-ь1nʼī˙kъ1,,,*-ь1nʼīkъ1,,,,,,,,,,,*-nʼīk,,,,,,,,,,,,,,,,,-nʼik,,,,,,,,Nach § 3 aber vor § 6 entlehnt ist finn. -niekka.
нo̠готь / no̠gətʼ,*naguti,,,,,,,,,,,,,,,,,,,,,,,*noguti,,,,*nogъtь,,,,*nogъtʼь,,,*nogъ2tʼь1,,,,,,,,,,,,,,*nogъ2tʼ,,,,*nogotʼ,*no̠gotʼ,,,,,,,,,,,,,,no̠gətʼ,,,,,,
нoрu̠ца / nʌrʼi̠cə,*na̠rī˙kā˙,*na̠rī˙tˊā˙,*na̠rī˙tˊē˙,,*na̠rī˙tˊā˙,,,,,,,*narī̠˙tˊā˙,*narī̠˙tˊā,*narī̠˙cʼā,,,,,,,,,,*norī̠˙cʼā,,,,,*norī̠˙cʼa,,,*norʼī̠˙cʼa,,,,,,*norʼī̠cʼa,,,,,,,,,,,,,,,,,,,,,,,*norʼī̠ca,,,,,*norʼi̠ca,,nʌrʼi̠cə,,,,,,"Nach § 1 und möglicherweise auch § 13, aber vor § 23 entlehnt ist est. narits."
нo̠сит / no̠sʼit,*na̠sejti,,,*na̠sẹ̄jti,,,*na̠sīti,,,,,*nasī̠ti,,,,,,,,,,,,*nosī̠ti,,,,*nosī̠tь,,,,*nosʼī̠tʼь,,,*nosʼī̠tʼь1,*no̠sʼītʼь1,,,,,,,,,*nô̠sʼītʼь1,,,,*nô̠sʼītʼ,,,,,,,,,,,,,,,,,*nô̠sʼit,,,,,,no̠sʼit,,
нo̠чь / no̠č,*nakti,,,,,,,,,,,,,,*nakˊtˊi,,*natˊi,,,,,*nači,,*noči,,,,*nočь,,,,,,,*nočь1,,,,,,,,,,,,,,*noč,,,,,no̠č,,,,,,,,,,,,,,,,,,,,
нo̠ет / no̠jɪt,*nū̠˙jeti,,,,,,,,,,,,,,,,,*nȳ̠˙jeti,,,,,,,,,,*nȳ̠˙jetь,,,,*nȳ̠˙jetʼь,,,*nȳ̠jetʼь1,,,,,,*nъ̠2jetʼь1,,,,,,,,*nъ̠2jetʼ,,,,*no̠jetʼ,,,,,,,,,,,,,,,no̠jɪt,,,,,vgl. ны̠ть,
ны̠ть / ny̠tʼ,*nū̠˙tēj,,,*nū̠˙tẹ̄,,,*nū̠˙tī,,,,,,,,,,,*nȳ̠˙tī,,,,,,,,,,,*nȳ̠˙ti,,,*nȳ̠˙tʼi,,,,,,*nȳ̠tʼi,,,,,,,,,,,,,,,,,,,,,,,,,,,,ny̠tʼ,,,,,,,vgl. нo̠ет,
обвu̠ть / ʌbvʼi̠tʼ,*abuwī̠˙tēj,,,*abuwī̠˙tẹ̄,,,*abuwī̠˙tī,,,,,,,,,,,,,,,,,*obuwī̠˙tī,,,,*obъwī̠˙tī,*obъwī̠˙ti,,,*obъwʼī̠˙tʼi,,,*obъ1wʼī̠˙tʼi,,,*obъ1wʼī̠tʼi,,,,,,,,,,,*obwʼī̠tʼi,,,,,,,*obvʼī̠tʼi,,,,,,,,,,*obvʼi̠tʼi,,*ʌbvʼi̠tʼi,,,,,vgl. обовьё̠м,
обовьё̠м / ʌbʌvʼjo̠m,*abuwije̠mu,,,,,,,,,,,*abuwijemu̠,,,,,,,,,,,,*obuwijemu̠,,,,*obъwьjemъ̠,,,,*obъwʼьjemъ̠,,,*obъ2wʼь1jemъ̠1,,*obъ2wʼь1je̠mъ1,,,,,,,,,,,,*obъ2wʼje̠m,,,,*obowʼje̠m,,,*obovʼje̠m,,,,*obovʼjo̠m,,,,,,,,ʌbʌvʼjo̠m,,,,,vgl. обвить,
обопьё̠м / ʌbʌpʼjo̠m,*abupije̠mu,,,,,,,,,,,*abupijemu̠,,,,,,,,,,,,*obupijemu̠,,,,*obъpьjemъ̠,,,,*obъpʼьjemъ̠,,,*obъ2pʼь1jemъ̠1,,*obъ2pʼь1je̠mъ1,,,,,,,,,,,,*obъ2pʼje̠m,,,,*obopʼje̠m,,,,,,,*obopʼjo̠m,,,,,,,,ʌbʌpʼjo̠m,,,,,vgl. опu̠ть,
обрe̠ю / ʌbr’e̠ju,*abubrī̠˙jān,,,,,,,,,,,,,,,*abubrī̠˙jan,,,,,,,,*obubrī̠˙jon,,*obubrī̠˙jǭ,,*obъbrī̠˙jǭ,*obъbrī̠˙jǫ,,,*obъbr’ī̠˙jǫ,*obъbr’ī̠˙jọ,,*obъ1br’ī̠˙jọ,,,*obъ1br’ī̠jọ,*obъ1br’ī̠ju,,*obъ1br’ь̠2ju,,,,,,,,*obbr’ь̠2ju,,*obr’ь̠2ju,,*obr’e̠ju,,,,,,,,,,,,,,,ʌbr’e̠ju,,,,,vgl. обрu̠ть,
обрu̠ть (1) / ʌbrʼi̠tʼ,*abubre̠j˙tēj,,,*abubrẹ̠̄˙tẹ̄,,,*abubrī̠˙tī,,,,,,,,,,,,,,,,,*obubrī̠˙tī,,,,*obъbrī̠˙tī,*obъbrī̠˙ti,,,*obъbrʼī̠˙tʼi,,,*obъ1brʼī̠˙tʼi,,,*obъ1brʼī̠tʼi,,,,,,,,,,,*obbrʼī̠tʼi,,*obrʼī̠tʼi,,,,,,,,,,,,,,,*obrʼi̠tʼ,,ʌbrʼi̠tʼ,,,,,vgl. обрe̠ю,
обрu̠ть (2) / ʌbrʼi̠tʼ,*abubrī̠˙tēj,,,*abubrī̠˙tẹ̄,,,*abubrī̠˙tī,,,,,,,,,,,,,,,,,*obubrī̠˙tī,,,,*obъbrī̠˙tī,*obъbrī̠˙ti,,,*obъbrʼī̠˙tʼi,,,*obъ1brʼī̠˙tʼi,,,*obъ1brʼī̠tʼi,,,,,,,,,,,*obbrʼī̠tʼi,,*obrʼī̠tʼi,,,,,,,,,,,,,,,*obrʼi̠tʼ,,ʌbrʼi̠tʼ,,,,,vgl. обрe̠ю,
овe̠ц / ʌvʼe̠c,*awi̠ku,*awi̠tˊu,*awi̠tˊi,,,,,,,,,*awitˊi̠,,*awicʼi̠,,,,,,,,,,*owicʼi̠,,,,*owьcʼь̠,,,,*owʼьcʼь̠,,,*owʼь2cʼь̠1,,*owʼь̠2cʼь1,,,,,,,,,,,,*owʼь̠2cʼ,,,,*owʼe̠cʼ,,,*ovʼe̠cʼ,,,,,*ovʼe̠c,,,,,,,ʌvʼe̠c,,,,,vgl. овцa̠,
овцa̠ / ʌfca̠,*awi̠kā˙,*awi̠tˊā˙,*awi̠tˊē˙,*awi̠tˊā˙,,,,,,,,*awitˊā̠˙,,*awicʼā̠˙,,,,,,,,,,*owicʼā̠˙,,,,*owьcʼā̠˙,*owьcʼa̠,,,*owʼьcʼa̠,,,*owʼь1cʼa̠,,,,,,,,,,,,,,*owʼcʼa̠,,,,,,,*ovʼcʼa̠,*ofʼcʼa̠,,,,*ofʼca̠,*ofca̠,,,,,,ʌfca̠,,,,,vgl. овe̠ц,
огo̠нь / ʌgo̠nʼ,*a̠gńi,,,,,,,,,,,*agńi̠,,,,,,,,,,,,*ogńi̠,,,,*ogńь̠,,,*ogъńь̠,,,,*ogъ2ńь̠1,,*ogъ̠2ńь1,,,,,,,,,,,,*ogъ̠2ń,,,*ogъ̠2nʼ,*ogo̠nʼ,,,,,,,,,,,,,,,ʌgo̠nʼ,,,,,,
огорo̠д / ʌgʌro̠t,*a̠gardu,,,,,,,,,,,*aga̠rdu,,,,,,,,,,,*agara̠du,*ogoro̠du,,,,*ogoro̠dъ,,,,,,,*ogoro̠dъ1,,,,,,,,,,*ogorô̠dъ1,,,,*ogorô̠d,,,,,,,,*ogorô̠t,,,,,,,,,,,*ʌgʌrô̠t,,,,ʌgʌro̠t,,
одu̠н / ʌdʼi̠n,*edī̠˙nu,,,,,,,,,,,,,,,,,,,,,,,,*jedī̠˙nu,,,*jedī̠˙nъ,,,,*jedʼī̠˙nъ,,,*jedʼī̠˙nъ1,,,*jedʼī̠nъ1,,,,,,,,*odʼī̠nъ1,,,*odʼī̠n,,,,,,,,,,,,,,,,,*odʼi̠n,,ʌdʼi̠n,,,,,,
ожu̠на / ʌży̠nə,*ezjī̠˙nā,,,,,,,,,,,,*ezjī̠˙nā,,,,,,*ežjī̠˙nā,,,,,,*ježjī̠˙nā,,,,*ježjī̠˙na,*ježī̠˙na,,,,,,,,*ježī̠na,,,,,,,,*ožī̠na,,,,,,,,,,,,*ożī̠na,,,,,*ożȳ̠na,,,*oży̠na,,ʌży̠nə,,,,,,
o̠зeро / o̠zʼɪrə,*ezera,,,,,,,,,,,,,,,,,,,,,,,*ezero,*jezero,,,,,,,*jezʼero,,,,,,,,,,,,,,*ozʼero,,,,,,,,*o̠zʼero,,,,,,,,,,,,,,o̠zʼɪrə,,,,,,
олe̠нь / ʌlʼe̠nʼ,*e̠leni,,,,,,,,,,,*ele̠ni,,,,,,,,,,,,,*jele̠ni,,,*jele̠nь,,,,*jelʼe̠nʼь,,,*jelʼe̠nʼь1,,,,,,,,,,,*olʼe̠nʼь1,,,*olʼe̠nʼ,,,,,,,,,,,,,,,,,,,ʌlʼe̠nʼ,,,,,,
опu̠ть / ʌpʼi̠tʼ,*abupī̠˙tēj,,,*abupī̠˙tẹ̄,,,*abupī̠˙tī,,,,,,,,,,,,,,,,,*obupī̠˙tī,,,,*obъpī̠˙tī,*obъpī̠˙ti,,,*obъpʼī̠˙tʼi,,,*obъ1pʼī̠˙tʼi,,,*obъ1pʼī̠tʼi,,,,,,,,,,,*obpʼī̠tʼi,,*opʼī̠tʼi,,,,,,,,,,,,,,,*opʼi̠tʼ,,ʌpʼi̠tʼ,,,,,vgl. обопьё̠м,
орё̠м / ʌrʼo̠m,*arje̠mu,,,,,,,,,,,*arjemu̠,,,,,,,*arʼjemu̠,,,,,*orʼjemu̠,,,,*orʼjemъ̠,,*orʼemъ̠,,,,,*orʼemъ̠1,,*orʼe̠mъ1,,,,,,,,,,,,*orʼe̠m,,,,,,,,,,,*orʼo̠m,,,,,,,,ʌrʼo̠m,,,,,vgl. орё̠шь,
орё̠шь / ʌrʼo̠ṡ,*arje̠šī,,,,,,,,,,,*arješī̠,,,,,,,*arʼješī̠,,,,,*orʼješī̠,,,,,*orʼješi̠,*orʼeši̠,,,,,,,,,,,,,,,,,,,,,,,,,,,,*orʼe̠ṡ,,*orʼo̠ṡ,,,,,,,,ʌrʼo̠ṡ,,,,,vgl. орё̠м,
o̠сень / o̠sʼɪnʼ,*eseni,,,,,,,,,,,,,,,,,,,,,,,,*jeseni,,,*jesenь,,,,*jesʼenʼь,,,*jesʼenʼь1,,,,,,,,,,,*osʼenʼь1,,,*osʼenʼ,,,,,*o̠sʼenʼ,,,,,,,,,,,,,,o̠sʼɪnʼ,,,,,,
осё̠тр / ʌsʼo̠tr,*ese̠tru,,,,,,,,,,,*esetru̠,,,,,,,,,,,,,*jesetru̠,,,*jesetrъ̠,,,*jesetьrъ̠,*jesʼetrъ̠,,,*jesʼetrъ̠1,,*jesʼe̠trъ1,,,,,,,,,*osʼe̠trъ1,,,*osʼe̠tr,,,,,,,,,,,*osʼo̠tr,,,,,,,,ʌsʼo̠tr,,,,,vgl. острa̠,
остё̠р / ʌsʼtʼo̠r,*a̠stru,,,,,,,,,,,*astru̠,,,,,,,,,,,,*ostru̠,,,,*ostrъ̠,,,*ostьrъ̠,*ostʼьrъ̠,,,*ostʼь2rъ̠1,,*ostʼь̠2rъ1,,,,,,,,,,,,*ostʼь̠2r,,,,*ostʼe̠r,,,,,,,*ostʼo̠r,,*osʼtʼo̠r,,,,,,ʌsʼtʼo̠r,,,,,,
острa̠ / ʌstra̠,*a̠strā˙,,,,,,,,,,,*astrā̠˙,,,,,,,,,,,,*ostrā̠˙,,,,,*ostra̠,,,,,,,,,,,,,,,,,,,,,,,,,,,,,,,,,,,,,,,ʌstra̠,,,,,vgl. остё̠р,
отe̠ц / ʌtʼe̠c,*ati̠ku,*ati̠tˊu,*ati̠tˊi,,,,,,,,,*atitˊi̠,,*aticʼi̠,,,,,,,,,,*oticʼi̠,,,,*otьcʼь̠,,,,*otʼьcʼь̠,,,*otʼь2cʼь̠1,,*otʼь̠2cʼь1,,,,,,,,,,,,*otʼь̠2cʼ,,,,*otʼe̠cʼ,,,,,,,,*otʼe̠c,,,,,,,ʌtʼe̠c,,,,,"vgl. отцa̠, вo̠тчина",
отлu̠ть / ʌtlʼi̠tʼ,*atulī̠˙tēj,,,*atulī̠˙tẹ̄,,,*atulī̠˙tī,,,,,,,,,,,,,,,,,*otulī̠˙tī,,,,*otъlī̠˙tī,*otъlī̠˙ti,,,*otъlʼī̠˙tʼi,,,*otъ1lʼī̠˙tʼi,,,*otъ1lʼī̠tʼi,,,,,,,,,,,*otlʼī̠tʼi,,,,,,,,,,,,,,,,,*otlʼi̠tʼ,,ʌtlʼi̠tʼ,,,,,vgl. отoльё̠м,
отoльё̠м / ʌtʌlʼjo̠m,*atulije̠mu,,,,,,,,,,,*atulijemu̠,,,,,,,,,,,,*otulijemu̠,,,,*otъlьjemъ̠,,,,*otъlʼьjemъ̠,,,*otъ2lʼь1jemъ̠1,,*otъ2lʼь1je̠mъ1,,,,,,,,,,,,*otъ2lʼje̠m,,,,*otolʼje̠m,,,,,,,*otolʼjo̠m,,,,,,,,ʌtʌlʼjo̠m,,,,,vgl. отлu̠ть,
отрo̠ю / ʌtro̠ju,*aturū̠˙jān,,,,,,,,,,,,,,,*aturū̠˙jan,,*aturȳ̠˙jan,,,,,,*oturȳ̠˙jon,,*oturȳ̠˙jǭ,,*otъrȳ̠˙jǭ,*otъrȳ̠˙jǫ,,,,*otъrȳ̠˙jọ,,*otъ1rȳ̠˙jọ,,,*otъ1rȳ̠jọ,*otъ1rȳ̠ju,,*otъ1rъ̠2ju,,,,,,,,*otrъ̠2ju,,,,*otro̠ju,,,,,,,,,,,,,,,ʌtro̠ju,,,,,vgl. отры̠ть,
отры̠ть / ʌtry̠tʼ,*aturū̠˙tēj,,,*aturū̠˙tẹ̄,,,*aturū̠˙tī,,,,,,,,,,,*aturȳ̠˙tī,,,,,,*oturȳ̠˙tī,,,,*otъrȳ̠˙tī,*otъrȳ̠˙ti,,,*otъrȳ̠˙tʼi,,,*otъ1rȳ̠˙tʼi,,,*otъ1rȳ̠tʼi,,,,,,,,,,,*otrȳ̠tʼi,,,,,,,,,,,,,,,,,*otry̠tʼ,,ʌtry̠tʼ,,,,,vgl. отрo̠ю,
отцa̠ / ʌtca̠,*ati̠kā,*ati̠tˊā,*ati̠tˊē,*ati̠tˊā,,,,,,,,*atitˊā̠,,*aticʼā̠,,,,,,,,,,*oticʼā̠,,,,*otьcʼā̠,*otьcʼa̠,,,*otʼьcʼa̠,,,*otʼь1cʼa̠,,,,,,,,,,,,,,*otʼcʼa̠,,,,,,,,,,,,*otʼca̠,*otca̠,,,,,,ʌtca̠,,,,,vgl. отe̠ц,
пa̠л / pa̠l,*pā̠˙dlu,,,,,,,,,,,,,,,,,,,,*pā̠˙lu,,,,,,,*pā̠˙lъ,,,,,,,*pā̠˙lъ1,,,*pā̠lъ1,,,,,,,,,,,*pā̠l,,,,,,,,,,,,,,,,,pa̠l,,,,,,,,
пa̠льцы / pa̠lʼcy,*pā̠˙likuj,*pā̠˙litˊuj,*pā̠˙litˊij,*pā̠˙litˊī,,,,,,,,,,*pā̠˙licʼī,,,,,,,,,,,,,,*pā̠˙lьcʼī,*pā̠˙lьcʼi,,,*pā̠˙lʼьcʼi,,,*pā̠˙lʼь1cʼi,,,pā̠lʼь1cʼi,,,,,,,,,,,*pā̠lʼcʼi,,,,,,,,,,,,*pā̠lʼci,,*pā̠lʼcy,,,pa̠lʼcy,,,,,,,,
пa̠мятен / pa̠mʼɪtʼɪn,*pā̠˙mintinu,,,,,,,,,,,,,,,,,,,,,,,,,*pā̠˙mę̄tinu,,*pā̠˙mę̄tьnъ,,,,*pā̠˙mʼę̄tʼьnъ,*pā̠˙mʼātʼьnъ,,*pā̠˙mʼātʼь2nъ1,,,*pā̠mʼātʼь2nъ1,,,,,,,,,,,*pā̠mʼātʼь2n,,,,*pā̠mʼātʼen,,,,,,,,,,,,,*pa̠mʼatʼen,,pa̠mʼɪtʼɪn,,,,,,
перo̠ / pʼɪro̠,*pe̠ra,,,,,,,,,,,*pera̠,,,,,,,,,,,,*pero̠,,,,,,,,*pʼero̠,,,,,,,,,,,,,*pʼerô̠,,,,,,,,,,,,,,,,,,,,,,,*pʼɪrô̠,,,,pʼɪro̠,,
Перy̠н / Pʼɪru̠n,*Pera̠wnu,,,*Perọ̠̄nu,,,,,,,,*Perọ̄nu̠,,,,,,,,,,,,,,,,*Perọ̄nъ̠,,,,*Pʼerọ̄nъ̠,,,*Pʼerọ̄nъ̠1,,*Pʼerọ̠̄nъ1,,*Pʼerū̠nъ1,,,,,,,,,,*Pʼerū̠n,,,,,,,,,,,,,,,,,*Pʼeru̠n,,Pʼɪru̠n,,,,,vgl. Перунa̠,
Перунa̠ / Pʼɪruna̠,*Pera̠wnā,,,*Perọ̠̄nā,,,,,,,,*Perọ̄nā̠,,,,,,,,,,,,,,,,,*Perọ̄na̠,,,*Pʼerọ̄na̠,,,,,,,*Pʼerūna̠,,,,,,,,,,,,,,,,,,,,,,,,,,,*Pʼeruna̠,,Pʼɪruna̠,,,,,vgl. Перy̠н,
песo̠к / pʼɪso̠k,*pē˙su̠ku,,,,,,,,,,,*pē˙suku̠,*pēsuku̠,,,,,,,,,,,,,,*pě̄suku̠,*pě̄sъkъ̠,,,,*pʼě̄sъkъ̠,,,*pʼě̄sъ2kъ̠1,,*pʼě̄sъ̠2kъ1,,,,,,,,,,,,*pʼě̄sъ̠2k,,,,*pʼě̄so̠k,,,,,,,,,,,,,*pʼěso̠k,,pʼɪso̠k,,,,,,
пe̠чь / pʼe̠č,*pekti,,,,,,,,,,,,,,*pekˊtˊi,,*petˊi,,,,,*peči,,,,,,*pečь,,,,*pʼečь,,,*pʼečь1,,,,,,,,,,,,,,*pʼeč,,,,,pʼe̠č,,,,,,,,,,,,,,,,,,,,Nach § 21 entlehnt ist finn. pätsi.
пu̠шем / pʼi̠ṡəm,*pe̠jsjemu,,,*pẹ̠̄sjemu,,,*pī̠sjemu,,,,,*pīsje̠mu,,,,,,,*pīšje̠mu,,,,,,,,,*pīšje̠mъ,,*pīšē̠mъ,,*pʼīšē̠mъ,,,*pʼīšē̠mъ1,*pʼī̠šēmъ1,,,,,,,,,,,,,*pʼī̠šēm,,,,,,,,,*pʼī̠ṡēm,,,,,,,,*pʼi̠ṡem,,pʼi̠ṡəm,,,,,,
плё̠л / plʼo̠l,*plektlu,,,,,,,,,,,,,,,,*pletlu,,,,*plelu,,,,,,,*plelъ,,,,*plʼelъ,,,*plʼelъ1,,,,,,,,,,,,,,*plʼel,,,,,*plʼe̠l,,,,,,plʼo̠l,,,,,,,,,,,,,"vgl. плести̠, плo̠т",
плестu̠ / plʼɪstʼi̠,*plestē̠j,,,*plestẹ̠̄,,,*plestī̠,,,,,,,,,,,,,,,,,,,,,,*plesti̠,,,*plʼestʼi̠,,,,,,,,,,,,,,,,,,,,,,,,,,,,,,,,,,,,plʼɪstʼi̠,,,,,"vgl. плё̠л, плo̠т",
плo̠т / plo̠t,*plaktu,,,,,,,,,,,,,,,,*platu,,,,,,,*plotu,,,,*plotъ,,,,,,,*plotъ1,,,,,,,,,,,,,,*plot,,,,,plo̠t,,,,,,,,,,,,,,,,,,,"vgl. плё̠л, плести̠",
пo̠ле / po̠lʼɪ,*palja,,*palje,,,,,,,,,,,,,,,,*palˊje,,,,,*polˊje,,,,,,*polˊe,,,,,,,,,,,,,,,,,,,,,,*polʼe,,*po̠lʼe,,,,,,,,,,,,,,po̠lʼɪ,,,,,vgl. поля̠,
пo̠лк / po̠lk,*pulku,,,,,,,,,,,,,,,,,,,,,,,,,,,*pъlkъ,,,,,,,*pъ2lkъ1,,,,,,,,,,,,,,*pъ2lk,,,,*polk,po̠lk,,,,,,,,,,,,,,,,,,,,
полотнo̠ / pəlʌtno̠,*palti̠na,,,,,,,,,,,*paltina̠,,,,,,,,,,,*palatina̠,*polotino̠,,,,*polotьno̠,,,,*polotʼьno̠,,,*polotʼь1no̠,,,,,,,,,,*polotʼь1nô̠,,,,*polotʼnô̠,,,,,,,,,,,,,*polotnô̠,,,,,,*pəlʌtnô̠,,,,pəlʌtno̠,,"Vor § 22, § 23 und, falls kein Einschubvokal vorliegt, vor § 48 entlehnt ist finn. palttina."
полю̠блен / pʌlʼu̠blʼɪn,*palja̠wbjenu,,*palje̠wbjenu,*paljọ̠̄bjenu,,,,,*paljọ̠̄bljenu,,,*paljọ̄blje̠nu,,,,,,,*palˊjọ̄blˊje̠nu,,,,,*polˊjọ̄blˊje̠nu,,,,*polˊjọ̄blˊje̠nъ,,*polˊọ̄blˊē̠nъ,,,,,*polˊọ̄blˊē̠nъ1,*polˊọ̠̄blˊēnъ1,,,*polˊū̠blˊēnъ1,,,,,,,,,,*polˊū̠blˊēn,,,*polʼū̠blʼēn,,,,,,,,,,,,,,*polʼu̠blʼen,,pʌlʼu̠blʼɪn,,,,,vgl. влюблё̠н,
поля̠ / pʌlʼa̠,*paljā̠˙,,*paljē̠˙,,*paljā̠˙,,,,,,,,,,,,,,*palˊjā̠˙,,,,,*polˊjā̠˙,,,,,*polˊja̠,*polˊā̠,,,,,,,,,,,,,,,,,,,,,,*polʼa̠,,,,,,,,,,,,,,,,pʌlʼa̠,,,,,vgl. пo̠ле,
порo̠жний / pʌro̠żnʼɪj,*pa̠rzdinjuju,,*pa̠rzdinjiji,,,,,,,,,*parzdi̠njiji,,,,,,,*parzdi̠ńjiji,,,,*parazdi̠ńjiji,*porozdi̠ńjiji,,,,*porozdь̠ńjьjь,,*porozdь̠ńьjь,,*porozdʼь̠ńьjь,,,*porozdʼь̠1ńь2jь1,,*poro̠zdʼь1ńь2jь1,,,,,,,,*porô̠zdʼь1ńь2jь1,,,,*porô̠zdʼńь2j,*porô̠ždžńь2j,*porô̠žńь2j,*porô̠žnʼь2j,*porô̠žnʼej,,,,,*porô̠żnʼej,,,,,,,,,,*pʌrô̠żnʼɪj,,,,pʌro̠żnʼɪj,,
порo̠ха / pʌro̠xə,*pa̠r˙xā˙,,,,,,,,,,,,*pa̠r˙xā,,,,,,,,,,*para̠xā,*poro̠xā,,,,,*poro̠xa,,,,,,,,,,,,,,,,*porô̠xa,,,,,,,,,,,,,,,,,,,,,,,*pʌrô̠xə,,,,pʌro̠xə,,Vor § 22 und § 23 entlehnt ist lüd. parh.
пo̠т / po̠t,*paktu,,,,,,,,,,,,,,,,*patu,,,,,,,*potu,,,,potъ,,,,,,,*potъ1,,,,,,,,,,,,,,*pot,,,,,po̠t,,,,,,,,,,,,,,,,,,,,
пo̠яс / po̠jɪs,*pajā˙su,,*pajē˙su,,*pajā˙su,,,,,,,,*pajāsu,,,,,,,,,,,*pojāsu,,,,*pojāsъ,,,,,,,*pojāsъ1,,,,,,,,,,,,,,*pojās,,,,,*po̠jās,,,,,,,,,,,,*po̠jas,,po̠jɪs,,,,,vgl. пояснo̠й,
пояснo̠й / pəjɪsno̠j,*pajā˙sinu̠ju,,*pajē˙sinu̠ji,,pajā˙sinu̠ji,,,,,,,*pajā˙sinuji̠,*pajāsinuji̠,,,,,,,,,,,*pojāsinuji̠,,,,*pojāsьnъjь̠,,,,*pojāsʼьnъjь̠,,,*pojāsʼь1nъ2jь̠1,,*pojāsʼь1nъ̠2jь1,,,,,,,,,,,,*pojāsʼnъ̠2j,,,,*pojāsʼno̠j,,,,,,,,,*pojāsno̠j,,,,*pojasno̠j,,pəjɪsno̠j,,,,,vgl. пo̠яс,
прo̠дал / pro̠dəl,*pradā˙lu,,,,,,,,,,,,*pradālu,,,,,,,,,,,*prodālu,,,,*prodālъ,,,,,,,*prodālъ1,,,,,,,,,,,,,,*prodāl,,,,,*pro̠dāl,,,,,,,,,,,,*pro̠dal,,pro̠dəl,,,,,"vgl. продалa̠, продался̠, прo̠дан, проданa̠ und ohne Präfix дa̠м",
продалa̠ / prədʌla̠,*pradā˙lā̠˙,,,,,,,,,,,,*pradālā̠˙,,,,,,,,,,,*prodālā̠˙,,,,,*prodāla̠,,,,,,,,,,,,,,,,,,,,,,,,,,,,,,,,,,,,,*prodala̠,,prədʌla̠,,,,,"vgl. прo̠дал, продался̠, прo̠дан, проданa̠ und ohne Präfix дa̠м",
продался̠ / prədʌlsʼa̠,*pradā˙lu̠ sēn,,,,,,,,,,,*pradā˙lu sē̠n,*pradālu sē̠n,,,*pradālu se̠n,,,,,,,,*prodālu se̠n,,*prodālu sę̠̄,,*prodālъ sę̠̄,*prodālъ sę̠,,,*prodālъ sʼę̠,*prodālъ sʼa̠,,*prodālъ1 sʼa̠,,,,,,,,,,,,,,*prodāl sʼa̠,,,,,,,,,,,,,,,,,*prodal sʼa̠,,prədʌlsʼa̠,,,,,"vgl. прo̠дал, продалa̠, прo̠дан, проданa̠ und ohne Präfix дa̠м",
прo̠дан / pro̠dən,*pradā˙nu,,,,,,,,,,,,*pradānu,,,,,,,,,,,*prodānu,,,,*prodānъ,,,,,,,*prodānъ1,,,,,,,,,,,,,,*prodān,,,,,*pro̠dān,,,,,,,,,,,,*pro̠dan,,pro̠dən,,,,,"vgl. прo̠дал, продалa̠, продался̠, проданa̠ und ohne Präfix дa̠м",
проданa̠ / prədʌna̠,*pradā˙nā̠˙,,,,,,,,,,,,*pradānā̠˙,,,,,,,,,,,*prodānā̠˙,,,,,*prodāna̠,,,,,,,,,,,,,,,,,,,,,,,,,,,,,,,,,,,,,*prodana̠,,prədʌna̠,,,,,"vgl. прo̠дал, продалa̠, продался̠, прo̠дан und ohne Präfix дa̠м",
прo̠сят (1) / pro̠sʼɪt,*pra̠sinti,,,,,,,,,,,*prasi̠nti,,,,,,,,,,,,*prosi̠nti,,*prosę̠̄ti,,*prosę̠̄tь,,,,*prosʼę̠̄tʼь,*prosʼā̠tʼь,,*prosʼā̠tʼь1,*pro̠sʼātʼь1,,,,,,,,,*prô̠sʼātʼь1,,,,*prô̠sʼātʼ,,,,,,,,,,,,,,,,,*prô̠sʼat,,*prô̠sʼɪt,,,,pro̠sʼɪt,vgl. прошy̠,
прo̠сят (2) / pro̠sʼɪt,*pra̠sejnti,,,*pra̠sẹ̄nti,,,*pra̠sīnti,,,,,*prasī̠nti,,,,*prasi̠nti,,,,,,,,*prosi̠nti,,*prosę̠̄ti,,*prosę̠̄tь,,,,*prosʼę̠̄tʼь,*prosʼā̠tʼь,,*prosʼā̠tʼь1,*pro̠sʼātʼь1,,,,,,,,,*prô̠sʼātʼь1,,,,*prô̠sʼātʼ,,,,,,,,,,,,,,,,,*prô̠sʼat,,*prô̠sʼɪt,,,,pro̠sʼɪt,vgl. прошy̠,
прошy̠ / prʌṡu̠,*pra̠sjān,,*pra̠sjēn,,*pra̠sjān,,,,,,,*prasjā̠n,,,,*prasja̠n,,,*prašja̠n,,,,,*prošjo̠n,,*prošjǭ̠,,,*prošjǫ̠,*prošǫ̠,,,*prošọ̠,,,,,,*prošu̠,,,,,,,,,,,,,,,,,,,*proṡu̠,,,,,,,,,,prʌṡu̠,,,,,vgl. прo̠сят,
пчелa̠ / pʼčɪla̠,*biče̠lā˙,,,,,,,,,,,*bičelā̠˙,,,,,,,,,,,,,,,,*bьčelā̠˙,*bьčela̠,,,*bʼьčela̠,,,*bʼь1čela̠,,,,,,,,,,,,,,*bʼčela̠,,,,,,,,*pʼčela̠,,,,,,,,,,,pʼčɪla̠,,,,,,
рa̠ло / ra̠lə,*a̠r˙dla,,,,,,,,,,*rā̠˙dla,,,,,,,,,,*rā̠˙la,,,*rā̠˙lo,,,,,,,,,,,,,,*rā̠lo,,,,,,,,,,,,,,,,,,,,,,,,,,,,*ra̠lo,,ra̠lə,,,,,,
рa̠тай / ra̠təj,*a̠r˙tā˙ju,,*a̠r˙tā˙ji,,,,,,,,*rā̠˙tā˙ji,,*rā̠˙tāji,,,,,,,,,,,,,,,*rā̠˙tājь,,,,,,,*rā̠˙tājь1,,,*rā̠tājь1,,,,,,,,,,,*rā̠tāj,,,,,,,,,,,,,,,,,*ra̠taj,,ra̠təj,,,,,,
ревё̠м / rʼɪvʼo̠m,*rjawe̠mu,,*rjewe̠mu,,,,,,,,,*rjewemu̠,,,,,,,*rʼjewemu̠,,,,,,,,,*rʼjewemъ̠,,,,*rʼewʼemъ̠,,,*rʼewʼemъ̠1,,*rʼewʼe̠mъ1,,,,,,,,,,,,*rʼewʼe̠m,,,,,,,*rʼevʼe̠m,,,,*rʼevʼo̠m,,,,,,,,rʼɪvʼo̠m,,,,,vgl. рe̠ут,
рe̠ут / rʼe̠ut,*rjawa̠ntu,,*rjewa̠ntu,,,,,,,,,*rjewantu̠,,,,,,,*rʼjewantu̠,,,,,*rʼjewontu̠,,*rʼjewǭtu̠,,*rʼjewǭtъ̠,,*rʼewǭtъ̠,,,*rʼewọ̄tъ̠,,*rʼewọ̄tъ̠1,,*rʼewọ̠̄tъ1,,*rʼewū̠tъ1,,,,*rʼeu̠tъ1,*rʼe̠wtъ1,,,,,rʼe̠ut,,,,,,,,,,,,,,,,,,,,,,,,vgl. ревё̠м,
рe̠чь / rʼe̠č,*rekti,,,,,,,,,,,,,,*rekˊtˊi,,*retˊi,,,,,*reči,,,,,,*rečь,,,,*rʼečь,,,*rʼečь1,,,,,,,,,,,,,,*rʼeč,,,,,rʼe̠č,,,,,,,,,,,,,,,,,,,,
рo̠вный / ro̠vnəj,*a̠rwinuju,,*a̠rwinuji,,,,,,,,*ra̠winuji,*rawi̠nuji,,,,,,,,,,,,*rowi̠nuji,,,,*rowь̠nъjь,,,,*rowʼь̠nъjь,,,*rowʼь̠1nъ2jь1,,*ro̠wʼь1nъ2jь1,,,,,,,,*rô̠wʼь1nъ2jь1,,,,*rô̠wʼnъ2j,,,,*rô̠wʼnoj,,,*rô̠vʼnoj,,,,,,*rô̠vnoj,,,,,,*rô̠vnəj,,,,ro̠vnəj,,
рo̠г / ro̠k,*ragu,,,,,,,,,,,,,,,,,,,,,,,*rogu,,,,*rogъ,,,,,,,*rogъ1,,,,,,,,,,,,,,*rog,,,,,*ro̠g,,,ro̠k,,,,,,,,,,,,,,,,,
рокu̠тa (1) / rʌkʼi̠tə,*arkū̠˙tā˙,,,,,,,,,,*rakū̠˙tā˙,,*rakū̠˙tā,,,,,*rakȳ̠˙tā,,,,,,*rokȳ̠˙tā,,,,,*rokȳ̠˙ta,,,,,,,,,*rokȳ̠ta,,,,,,,,,,,,,,,,,,,,,,,,,,*rokī̠ta,*rokʼī̠ta,*rokʼi̠ta,,rʌkʼi̠tə,,,,,,
рокu̠тa (2) / rʌkʼi̠tə,*a̠rkū˙tā˙,,,,,,,,,,*ra̠kū˙tā˙,*rakū̠˙tā˙,*rakū̠˙tā,,,,,*rakȳ̠˙tā,,,,,,*rokȳ̠˙tā,,,,,*rokȳ̠˙ta,,,,,,,,,*rokȳ̠ta,,,,,,,,,,,,,,,,,,,,,,,,,,*rokī̠ta,*rokʼī̠ta,*rokʼi̠ta,,rʌkʼi̠tə,,,,,,
рo̠т / ro̠t,*rutu,,,,,,,,,,,,,,,,,,,,,,,,,,,*rъtъ,,,,,,,*rъ2tъ1,,,,,,,,,,,,,,*rъ2t,,,,*rot,ro̠t,,,,,,,,,,,,,,,,,,,vgl. ртa̠,
ртa̠ / rta̠,*rutā,,,,,,,,,,,,,,,,,,,,,,,,,,,*rъtā,*rъta,,,,,,*rъ1ta,,,,,,,,,,,,,,*rta,,,,,rta̠,,,,,,,,,,,,,,,,,,,vgl. рo̠т,
рукa̠ / ruka̠,*rankā̠˙,,,,,,,,,,,,,,,,,,,,,,,*ronkā̠˙,,*rǭkā̠˙,,,*rǭka̠,,,,*rọ̄ka̠,,,,,,*rūka̠,,,,,,,,,,,,,,,,,,,,,,,,,,,ruka̠,,,,,,,vgl. рy̠кy,
рy̠кy / ru̠ku,*rankān,,,,,,,,,,,,,,,*rankan,,,,,,,,*ronkon,,*rǭkǭ,,,*rǭkǫ,,,,*rọ̄kọ,,,,,,*rūku,,,,,,,,,,,,,,,*rū̠ku,,,,,,,,,,,,ru̠ku,,,,,,,vgl. рукa̠,
ры̠ба / ry̠bə,*rū̠˙bā˙,,,,,,,,,,,,*rū̠˙bā,,,,,*rȳ̠˙bā,,,,,,,,,,,*rȳ̠˙ba,,,,,,,,,*rȳ̠ba,,,,,,,,,,,,,,,,,,,,,,,,,,,,*ry̠ba,,ry̠bə,,,,,,
свa̠дьба / sva̠dʼbə,*swā̠˙tibā˙,,,,,,,,,,,,*swā̠˙tibā,,,,,,,,,,,,,,,*swā̠˙tьbā,*swā̠˙tьba,,,*swā̠˙tʼьba,,,*swā̠˙tʼь1ba,,,*swā̠tʼь1ba,,,,,,,,,,,*swā̠tʼba,,,,,,,*svā̠tʼba,*svā̠dʼba,,,,,,,,,*sva̠dʼba,,sva̠dʼbə,,,,,,
свечy̠ / sʼvʼɪču̠,*swa̠jtjān,,*swa̠jtjēn,*swē̠tjēn,*swē̠tjān,,,,,,,*swētjā̠n,,,,*swētja̠n,,,*swētˊja̠n,,,*swēčja̠n,,*swēčjo̠n,,*swēčjǭ̠,*swě̄čjǭ̠,,*swě̄čjǫ̠,*swě̄čǭ̠,,*swʼě̄čǫ̠,*swʼě̄čọ̠,,,,,,*swʼě̄ču̠,,,,,,,,,,,,,,,,,*svʼě̄ču̠,,,,,,*sʼvʼě̄ču̠,,,,*sʼvʼěču̠,,sʼvʼɪču̠,,,,,,
свя̠т / sʼvʼa̠t,*swentu,,,,,,,,,,,,,,,,,,,,,,,,,*swę̄tu,,*swę̄tъ,,,,*swʼę̄tъ,*swʼātъ,,*swʼātъ1,,,,,,,,,,,,,,*swʼāt,,,,,*swʼā̠t,,*svʼā̠t,,,,,,*sʼvʼā̠t,,,,sʼvʼa̠t,,,,,,,,
свo̠лок / svo̠lək,*suwalku,,,,,,,,,,,,,,,,,,,,,,*suwalaku,*suwoloku,,,,*sъwolokъ,,,,,,,*sъ1wolokъ1,,,,,,,,,,,,,,*swolok,,,,,*swo̠lok,,*svo̠lok,,,,,,,,,,,,svo̠lək,,,,,,"Vor § 22, § 23 und, falls kein Einschubvokal vorliegt, vor § 48 entlehnt, ist finn. suvalkko."
сe̠вер / sʼe̠vʼɪr,*sē̠˙weru,,,,,,,,,,,,,,,,,,,,,,,,,,*sě̠̄˙weru,*sě̠̄˙werъ,,,,*sʼě̠̄˙wʼerъ,,,*sʼě̠̄˙wʼerъ1,,,*sʼě̠̄wʼerъ1,,,,,,,,,,,*sʼě̠̄wʼer,,,,,,,*sʼě̠̄vʼer,,,,,,,,,,*sʼě̠vʼer,,*sʼě̠vʼɪr,,,sʼe̠vʼɪr,,,
седлo̠ / sʼɪdlo̠,*sedu̠la,,,,,,,,,,,*sedula̠,,,,,,,,,,,,*sedulo̠,,,,*sedъlo̠,,,,*sʼedъlo̠,,,*sʼedъ1lo̠,,,,,,,,,,*sʼedъ1lô̠,,,,*sʼedlô̠,,,,,,,,,,,,,,,,,,,*sʼɪdlô̠,,,,sʼɪdlo̠,,
секu̠ра (1) / sʼɪkʼi̠rə,*sēkū̠˙rā˙,,,,,,,,,,,,*sēkū̠˙rā,,,,,*sēkȳ̠˙rā,,,,,,,,,*sě̄kȳ̠˙rā,,*sě̄kȳ̠˙ra,,,*sʼě̄kȳ̠˙ra,,,,,,*sʼě̄kȳ̠ra,,,,,,,,,,,,,,,,,,,,,,,,,,*sʼěkī̠ra,*sʼěkʼī̠ra,*sʼěkʼi̠ra,,sʼɪkʼi̠rə,,,,,,
секu̠ра (2) / sʼɪkʼi̠rə,*sē̠kū˙rā˙,,,,,,,,,,,*sēkū̠˙rā˙,*sēkū̠˙rā,,,,,*sēkȳ̠˙rā,,,,,,,,,*sě̄kȳ̠˙rā,,*sě̄kȳ̠˙ra,,,*sʼě̄kȳ̠˙ra,,,,,,*sʼě̄kȳ̠ra,,,,,,,,,,,,,,,,,,,,,,,,,,*sʼěkī̠ra,*sʼěkʼī̠ra,*sʼěkʼi̠ra,,sʼɪkʼi̠rə,,,,,,
сe̠рдце / sʼe̠rcə,*sirdika,*sirditˊa,*sirditˊe,,,,,,,,,,,*sirdicʼe,,,,,,,,,,,,,,*sьrdьcʼe,,,,*sʼьrdʼьcʼe,,,*sʼь2rdʼь1cʼe,,,,,,,,,,,,,*sʼь2rʼdʼь1cʼe,*sʼь2rʼdʼcʼe,,*sʼь2rʼcʼe,,*sʼerʼcʼe,*sʼe̠rʼcʼe,,,,,,,*sʼe̠rʼce,*sʼe̠rce,,,,,,sʼe̠rcə,,,,,,
сe̠рп / sʼe̠rp,*si̠rpu,,,,,,,,,,,*sirpu̠,,,,,,,,,,,,,,,,*sьrpъ̠,,,,*sʼьrpъ̠,,,*sʼь2rpъ̠1,,*sʼь̠2rpъ1,,,,,,,,,,,*sʼь̠2rʼpъ1,*sʼь̠2rʼp,,,,*sʼe̠rʼp,,,,,,,,,sʼe̠rp,,,,,,,,,,,vgl. серпa̠,
серпa̠ / sʼɪrpa̠,*si̠rpā,,,,,,,,,,,*sirpā̠,,,,,,,,,,,,,,,,*sьrpā̠,*sьrpa̠,,,*sʼьrpa̠,,,*sʼь2rpa̠,,,,,,,,,,,,,*sʼь2rʼpa̠,,,,,*sʼerʼpa̠,,,,,,,,,*sʼerpa̠,,,,,,sʼɪrpa̠,,,,,vgl. сe̠рп,
сестё̠р / sʼɪstʼo̠r,*se̠stru,,,,,,,,,,,*sestru̠,,,,,,,,,,,,,,,,*sestrъ̠,,,*sestьrъ̠,*sʼestʼьrъ̠,,,*sʼestʼь2rъ̠1,,*sʼestʼь̠2rъ1,,,,,,,,,,,,*sʼestʼь̠2r,,,,*sʼestʼe̠r,,,,,,,*sʼestʼo̠r,,*sʼesʼtʼo̠r,,,,,,sʼɪstʼo̠r,,,,,,
сe̠чь / sʼe̠č,*sekti,,,,,,,,,,,,,,*sekˊtˊi,,*setˊi,,,,,*seči,,,,,,*sečь,,,,*sʼečь,,,*sʼečь1,,,,,,,,,,,,,,*sʼeč,,,,,sʼe̠č,,,,,,,,,,,,,,,,,,,,
сe̠ять / sʼe̠jɪtʼ,*sē̠˙jē˙tēj,,,*sē̠˙jē˙tẹ̄,*sē̠˙jā˙tẹ̄,,*sē̠˙jā˙tī,,,,,,*sē̠˙jātī,,,,,,,,,,,,,,,,*sē̠˙jāti,,,*sʼē̠˙jātʼi,,,,,,*sʼē̠jātʼi,,,,,,,,,,,,,,,,,,,,,,,,,,,,*sʼe̠jatʼ,,sʼe̠jɪtʼ,,,,,,
сидe̠ть / sʼidʼe̠tʼ,*sē˙dē̠˙tēj,,,*sē˙dē̠˙tẹ̄,,,*sē˙dē̠˙tī,,,,,,*sēdē̠˙tī,,,,,,,,,,,,,,*sě̄dě̠̄˙tī,,*sě̄dě̠̄˙ti,,,*sʼě̄dʼě̄˙tʼi,,,,,,*sʼě̄dʼě̠̄tʼi,,,,,,,,,,,,,,,,,,,,,,,,,,,,*sʼědʼě̠tʼ,*sʼidʼě̠tʼ,,,,sʼidʼe̠tʼ,,,
скa̠чем / ska̠čɪm,*skā̠čjemu,,,,,,,,,,,*skāčje̠mu,,,,,,,,,,,,,,,,*skāčje̠mъ,,*skāčē̠mъ,,,,,*skāčē̠mъ1,*skā̠čēmъ1,,,,,,,,,,,,,*skā̠čēm,,,,,,,,,,,,,,,,,*ska̠čem,,ska̠čɪm,,,,,,
слезa̠ / sʼlʼɪza̠,*slizā̠˙,,,,,,,,,,,,,,,,,,,,,,,,,,,*slьzā̠˙,*slьza̠,,,*slʼьza̠,,,*slʼь2za̠,,,,,,,,,,,,,,,,,,*slʼeza̠,,,,,,,,,*sʼlʼeza̠,,,,,,sʼlʼɪza̠,,,,,vgl. слё̠зы,
слё̠зы / sʼlʼo̠zy,*slizū,,,,,,,,,,,,,,,,,*slizȳ,,,,,,,,,,*slьzȳ,*slьzy,,,*slʼьzy,,,*slʼь2zy,,,,,,,,,,,,,,,,,,*slʼezy,*slʼe̠zy,,,,,,sʼlʼo̠zy,,,,,,,,,,,,,vgl. слезa̠,
слy̠жба / slu̠żbə,*sla̠wdžibā˙,,,*slọ̠̄džibā˙,,,,,,,,*slọ̄dži̠bā˙,*slọ̄dži̠bā,,,,,,,,,,,,,,,*slọ̄džь̠bā,*slọ̄džь̠ba,,,,,,*slọ̄džь̠1ba,,*slọ̠̄džь1ba,,*slū̠džь1ba,*slū̠žь1ba,,,,,,,,,*slū̠žba,,,,,,,,,*slū̠żba,,,,,,,,*slu̠żba,,slu̠żbə,,,,,vgl. служe̠бный,
служe̠бный / sluże̠bnəj,*sla̠wdžibinuju,,*sla̠wdžibinuji,*slọ̠̄džibinuji,,,,,,,,*slọ̄dži̠binuji,,,,,,,,,,,,,,,,*slọ̄džь̠bьnъjь,,,,*slọ̄džь̠bʼьnъjь,,,*slọ̄džь̠2bʼь1nъ2jь1,,,,*slūdžь̠2bʼь1nъ2jь1,*slūžь̠2bʼь1nъ2jь1,,,,,,,,,*slūžь̠2bʼnъ2j,,,,*slūže̠bʼnoj,,,,,*slūże̠bʼnoj,,,,*slūże̠bnoj,,,,*sluże̠bnoj,,sluże̠bnəj,,,,,vgl. слy̠жба,
смe̠рть / russ. sʼmʼe̠rʼtʼ,*su̠mirti,,,,,,,,,,,*sumi̠rti,,,,,,,,,,,,,,,,*sъmь̠rtь,,,,*sъmʼь̠rtʼь,,,*sъ1mʼь̠2rtʼь1,,,,,,,,,,,,,*sъ1mʼь̠2rʼtʼь1,*smʼь̠2rʼtʼ,,,,smʼe̠rʼtʼ,,,,,,,,,,,,,,,,,,,,,
смo̠ю / smo̠ju,*su mū̠˙jān,,,,,,,,,,,,,,,*su mū̠˙jan,,*su mȳ̠˙jan,,,,,,*su mȳ̠˙jon,,*su mȳ̠˙jǭ,,*sъ mȳ̠˙jǭ,*sъ mȳ̠˙jǫ,,,,*sъ mȳ̠˙jọ,,*sъ1 mȳ̠˙jọ,,,*sъ1 mȳ̠jọ,*sъ1 mȳ̠ju,,*sъ1 mъ̠2ju,,,,,,,,*smъ̠2ju,,,,smo̠ju,,,,,,,,,,,,,,,,,,,,vgl. смы̠ть,
смы̠ть / smy̠tʼ,*su mū̠˙tēj,,,*su mū̠˙tẹ̄,,,*su mū̠˙tī,,,,,,,,,,,*su mȳ̠˙tī,,,,,,,,,,*sъ mȳ̠˙tī,*sъ mȳ̠˙ti,,,*sъ mȳ̠˙tʼi,,,*sъ1 mȳ̠˙tʼi,,,*sъ1 mȳ̠tʼi,,,,,,,,,,,*smȳ̠tʼi,,,,,,,,,,,,,,,,,smy̠tʼ,,,,,,,vgl. смo̠ю,
снa̠ / sna̠,*su̠nā,,,,,,,,,,,*sunā̠,,,,,,,,,,,,,,,,*sъnā̠,*sъna̠,,,,,,*sъ1na̠,,,,,,,,,,,,,,sna̠,,,,,,,,,,,,,,,,,,,,,,,,vgl. сo̠н,
снохa̠ / snʌxa̠,*snuxā̠˙,,,,,,,,,,,,,,,,,,,,,,,,,,,*snъxā̠˙,*snъxa̠,,,,,,*snъ2xa̠,,,,,,,,,,,,,,,,,,*snoxa̠,,,,,,,,,,,,,,,snʌxa̠,,,,,,
собa̠ка / sʌba̠kə,*sabā̠˙kā˙,,,,,,,,,,,,*sabā̠˙kā,,,,,,,,,,,*sobā̠˙kā,,,,,*sobā̠˙ka,,,,,,,,,*sobā̠ka,,,,,,,,,,,,,,,,,,,,,,,,,,,,*soba̠ka,,sʌba̠kə,,,,,,
сo̠к / so̠k,*saku,,,,,,,,,,,,,,,,,,,,,,,*soku,,,,*sokъ,,,,,,,*sokъ1,,,,,,,,,,,,,,*sok,,,,,so̠k,,,,,,,,,,,,,,,,,,,,
сo̠лнце / so̠ncə,*su̠l˙nika,*su̠l˙nitˊa,*su̠l˙nitˊe,,,,,,,,,,,*su̠l˙niсʼe,,,,,,,,,,,,,,*sъ̠l˙nьсʼe,,,,*sъ̠l˙nʼьсʼe,,,*sъ̠2l˙nʼь1сʼe,,,*sъ̠2lnʼь1сʼe,,,,,,,,,,,*sъ̠2lnʼсʼe,,*sъ̠2nʼсʼe,,*so̠nʼсʼe,,,,,,,,*so̠nʼсe,*so̠nсe,,,,,,so̠ncə,,,,,,
сo̠н / so̠n,*su̠nu,,,,,,,,,,,*sunu̠,,,,,,,,,,,,,,,,*sъnъ̠,,,,,,,*sъ2nъ̠1,,*sъ̠2nъ1,,,,,,,,,,,,*sъ̠2n,,,,so̠n,,,,,,,,,,,,,,,,,,,,vgl. снa̠,
стa̠рец / sta̠rʼɪc,*stā̠˙riku,*stā̠˙ritˊu,*stā̠˙ritˊi,,,,,,,,,,,*stā̠˙ricʼi,,,,,,,,,,,,,,*stā̠˙rьcʼь,,,,*stā̠˙rʼьcʼь,,,*stā̠˙rʼь2cʼь1,,,*stā̠rʼь2cʼь1,,,,,,,,,,,*stā̠rʼь2cʼ,,,,*stā̠rʼecʼ,,,,,,,,*stā̠rʼec,,,,,*sta̠rʼec,,sta̠rʼɪc,,,,,vgl. стa̠рца,
стa̠рца / sta̠rcə,*stā̠˙rikā,*stā̠˙ritˊā,*stā̠˙ritˊē,,*stā̠˙ritˊā,,,,,,,,,*stā̠˙ricʼā,,,,,,,,,,,,,,*stā̠˙rьcʼā,*stā̠˙rьcʼa,,,*stā̠˙rʼьcʼa,,,*stā̠˙rʼь1cʼa,,,*stā̠rʼь1cʼa,,,,,,,,,,,*stā̠rʼcʼa,,,,,,,,,,,,*stā̠rʼca,*stā̠rca,,,,*sta̠rca,,sta̠rcə,,,,,vgl. стa̠рец,
стезя̠ / sʼtʼɪzʼa̠.,*sti̠gā˙,*sti̠dˊā˙,*sti̠dˊē˙,,*sti̠dˊā˙,,,,,,,*stidˊā̠˙,,*stidzʼā̠˙,,,,,,,,,,,,,,*stьdzʼā̠˙,*stьdzʼa̠,,,*stʼьdzʼa̠,,,*stʼь1dzʼa̠,,,,,,,,,,,,*stʼь1zʼa̠,,*stʼzʼa̠,,,,*stʼezʼa̠,,,,,,,,,*sʼtʼezʼa̠,,,,,,sʼtʼɪzʼa̠,,,,,,
стенa̠ / sʼtʼɪna̠,*stajnā̠˙,,,*stēnā̠˙,,,,,,,,,,,,,,,,,,,,,,,*stě̄nā̠˙,,*stě̄na̠,,,*stʼě̄na̠,,,,,,,,,,,,,,,,,,,,,,,,,,,,,,*sʼtʼě̄na̠,,,,*sʼtʼěna̠,,sʼtʼɪna̠,,,,,vgl. стенy̠,
стe̠нy / sʼtʼe̠nu,*stajnān,,,*stēnān,,,,,,,,,,,,*stēnan,,,,,,,,*stēnon,,*stēnǭ,*stě̄nǭ,,*stě̄nǫ,,,*stʼě̄nǫ,*stʼě̄nọ,,,,,,*stʼě̄nu,,,,,,,,,,,,,,,*stʼě̠̄nu,,,,,,,,*sʼtʼě̠̄nu,,,,*sʼtʼě̠nu,,,,,sʼtʼe̠nu,,vgl. стенa̠,
стo̠л / sto̠l,*sta̠lu,,,,,,,,,,,*stalu̠,,,,,,,,,,,,*stolu̠,,,,*stolъ̠,,,,,,,*stolъ̠1,,*sto̠lъ1,,,,,,,,*stô̠lъ1,,,,*stô̠l,,,,,,,,,,,,,,,,,,,,,,,sto̠l,,
столa̠ / stʌla̠,*sta̠lā,,,,,,,,,,,*stalā̠,,,,,,,,,,,,*stolā̠,,,,,*stola̠,,,,,,,,,,,,,,,,,,,,,,,,,,,,,,,,,,,,,,,stʌla̠,,,,,,
стo̠рож / sto̠rəṡ,*stardžju,,*stardžji,,,,,,,,,,,,,,,,,,,,*staradžji,*storodžji,,,,*storodžjь,,*storodžь,,,,,*storodžь1,,,,,*storožь1,,,,,,,,,*storož,,,,,*sto̠rož,,,*sto̠roš,*sto̠roṡ,,,,,,,,,,sto̠rəṡ,,,,,,
стрo̠ить / stro̠itʼ,*stra̠jī˙tēj,,,*stra̠jī˙tẹ̄,,,*stra̠jī˙tī,,,,,*strajī̠˙tī,,,,,,,,,,,,*strojī̠˙tī,,,,,*strojī̠˙ti,,,*strojī̠˙tʼi,,,,,,*strojī̠tʼi,,,,,*stroi̠tʼi,*stro̠jtʼi,*strô̠itʼi,,,,,,,,,,,,,,,,,,,,,,,,,,,stro̠itʼ,,
стy̠па / stu̠pə,*sta̠m˙pā˙,,,,,,,,,,,,*sta̠m˙pā,,,,,,,,,,,*sto̠m˙pā,,*stǭ̠˙pā,,,*stǭ̠˙pa,,,,*stọ̠̄˙pa,,,,,*stọ̠̄pa,*stū̠pa,,,,,,,,,,,,,,,,,,,,,,,,,,,*stu̠pa,,stu̠pə,,,,,,
ступa̠ете / stupa̠jɪtʼɪ,*sta̠mpā˙jete,,,,,,,,,,,*stampā̠˙jete,,,,,,,,,,,,*stompā̠˙jete,,*stǭpā̠˙jete,,,,,,*stǭpā̠˙jetʼe,*stọ̄pā̠˙jetʼe,,,,,*stọ̄pā̠jetʼe,*stūpā̠jetʼe,,,,,,,,,,,,,,,,,,,,,,,,,,,*stupa̠jetʼe,,stupa̠jɪtʼɪ,,,,,,
счa̠стье (1) / šša̠sʼtʼjɪ,*sučinstija,,*sučinstije,,,,,,,,,,,,,,,,,,,,,,,*sučę̄stije,,*sъčę̄stьje,,,,*sъčę̄stʼьje,*sъčāstʼьje,,*sъ1čāstʼь1je,,,,,,,,,,,,,,*sčāstʼje,*ščāstʼje,,,,*ščā̠stʼje,,,,,,,,*ščā̠sʼtʼje,,,,*šča̠sʼtʼje,,*šča̠sʼtʼjɪ,,šša̠sʼtʼjɪ,,,,
счa̠стье (2) / šša̠sʼtʼjɪ,*sučenstija,,*sučenstije,,,,,,,,,,,,,,,,,,,,,,,*sučę̄stije,,*sъčę̄stьje,,,,*sъčę̄stʼьje,*sъčāstʼьje,,*sъ1čāstʼь1je,,,,,,,,,,,,,,*sčāstʼje,*ščāstʼje,,,,*ščā̠stʼje,,,,,,,,*ščā̠sʼtʼje,,,,*šča̠sʼtʼje,,*šča̠sʼtʼjɪ,,šša̠sʼtʼjɪ,,,,
сыгрa̠ть / sygra̠tʼ,*su igrā̠˙tēj,,,*su igrā̠˙tẹ̄,,,*su igrā̠˙tī,,,,,,,,,,,,,,,,,,*su jigrā̠˙tī,,,*sъ jьgrā̠˙tī,,,,*sъ jьgrā̠˙tʼi,,*sъ igrā̠˙tʼi,*sъ1 igrā̠˙tʼi,,,*sъ1 igrā̠tʼi,,,,,,,,,,,*sigrā̠tʼi,,,,,,,,,,,,,,*sygrā̠tʼ,,,sygra̠tʼ,,,,,,,,
сы̠н / sy̠n,*sū˙nu,,,,,,,,,,,,*sūnu,,,,,*sȳnu,,,,,,,,,,*sȳnъ,,,,,,,*sȳnъ1,,,,,,,,,,,,,,*sȳn,,,,,*sȳ̠n,,,,,,,,,,,,sy̠n,,,,,,,vgl. сыновья̠,
сыновья̠ / synʌvʼja̠,*sū˙nawi̠jā˙,,*sū˙nawi̠jē˙,,*sū˙nawi̠jā˙,,,,,,,*sū˙nawijā̠˙,*sūnawijā̠˙,,,,,*sȳnawijā̠˙,,,,,,*sȳnowijā̠˙,,,,*sȳnowьjā̠˙,*sȳnowьja̠,,,*sȳnowʼьja̠,,,*sȳnowʼь1ja̠,,,,,,,,,,,,,,*sȳnowʼja̠,,,,,,,*sȳnovʼja̠,,,,,,,,,,*synovʼja̠,,synʌvʼja̠,,,,,vgl. сы̠н,
тe̠м / tʼe̠m,*ta̠jmi,,,*tē̠mi,,,,,,,,*tēmi̠,,,,,,,,,,,,,,,*tě̄mi̠,*tě̄mь̠,,,,*tʼě̄mʼь̠,,,*tʼě̄mʼь̠1,,*tʼě̠̄mʼь1,,,,,,,,,,,,*tʼě̠̄mʼ,,,,,,,,,,*tʼě̠̄m,,,,,,,*tʼě̠m,,,,,tʼe̠m,,vgl. тe̠х,
тe̠мя / tʼe̠mʼɪ,*tē̠˙mēn,,,,,,,,,,,,,,,*tē̠˙men,,,,,,,,,,*tē̠˙mę̄,*tě̠̄˙mę̄,,*tě̠̄˙mę,,,*tʼě̠̄˙mʼę,*tʼě̠̄˙mʼa,,,,,*tʼě̠̄mʼa,,,,,,,,,,,,,,,,,,,,,,,,,,,,*tʼě̠mʼa,,*tʼě̠mʼɪ,,,tʼe̠mʼɪ,,,
тe̠х / tʼe̠x,*ta̠jxu,,,*tē̠xu,,,,,,,,*tēxu̠,,,,,,,,,,,,,,,*tě̄xu̠,*tě̄xъ̠,,,,*tʼě̄xъ̠,,,*tʼě̄xъ̠1,,*tʼě̠̄xъ1,,,,,,,,,,,,*tʼě̠̄x,,,,,,,,,,,,,,,,,*tʼě̠x,,,,,tʼe̠x,,vgl. тe̠м,
тo̠лок / to̠lək,*talku,,,,,,,,,,,,,,,,,,,,,,*talaku,*toloku,,,,*tolokъ,,,,,,,*tolokъ1,,,,,,,,,,,,,,*tolok,,,,,*to̠lok,,,,,,,,,,,,,,to̠lək,,,,,,
толокнo̠ / təlʌkno̠,*talku̠na,,,,,,,,,,,*talkuna̠,,,,,,,,,,,*talakuna̠,*tolokuno̠,,,,*tolokъno̠,,,,,,,*tolokъ1no̠,,,,,,,,,,*tolokъ1nô̠,,,,*toloknô̠,,,,,,,,,,,,,,,,,,,*təlʌknô̠,,,,təlʌkno̠,,"Vor § 22, § 23, möglicherweise vor § 27 und, falls kein Einschubvokal vorliegt, vor § 48 entlehnt ist finn. talkkuna."
торокa̠ / russ. tərʌka̠,*tarkā̠˙,,,,,,,,,,,,,,,,,,,,,,*tarakā̠˙,*torokā̠˙,,,,,*toroka̠,,,,,,,,,,,,,,,,,,,,,,,,,,,,,,,,,,,,,,,tərʌka̠,,,,,,Nach § 22 aber vor § 23 entlehnt ist finn. tarakka.
трястu̠ / trʼɪsʼtʼi̠,*trenstē̠j,,,*trenstẹ̠̄,,,*trenstī̠,,,,,,,,,,,,,,,,,,,*trę̄stī̠,,,*trę̄sti̠,,,*trʼę̄stʼi̠,*trʼāstʼi̠,,,,,,,,,,,,,,,,,,,,,,,,,,,,,*trʼāsʼtʼi̠,,,,*trʼasʼtʼi̠,,trʼɪsʼtʼi̠,,,,,"vgl. тря̠с, тряслa̠",
тря̠с / trʼa̠s,*trenslu,,,,,,,,,,,,,,,,,,,,,,,,,*trę̄slu,,*trę̄slъ,,,*trę̄sьlъ,*trʼę̄slъ,*trʼāslъ,,*trʼāslъ1,,,,,,,,,,,,,,*trʼāsl,,,,,*trʼā̠sl,,,,,,,,,,,,*trʼa̠sl,,,trʼa̠s,,,,"vgl. трястu̠, тряслa̠",
тряслa̠ / trʼɪsla̠,*trenslā̠˙,,,,,,,,,,,,,,,,,,,,,,,,,*trę̄slā̠˙,,,*trę̄sla̠,,,*trʼę̄sla̠,*trʼāsla̠,,,,,,,,,,,,,,,,,,,,,,,,,,,,,,,,,*trʼasla̠,,trʼɪsla̠,,,,,,
y̠гол / u̠gəl,*angulu,,,,,,,,,,,,,,,,,,,,,,,*ongulu,,*ǭgulu,,*ǭgъlъ,,,,,*ọ̄gъlъ,,*ọ̄gъ2lъ1,,,,*ūgъ2lъ1,,,,,,,,,,*ūgъ2l,,,,*ūgol,*ū̠gol,,,,,,,,,,,,*u̠gol,,u̠gəl,,,,,,
y̠голь / u̠gəlʼ,*a̠n˙gli,,,,,,,,,,,,,,,,,,,,,,,*o̠n˙gli,,*ǭ̠˙gli,,*ǭ̠˙glь,,,*ǭ̠˙gъlь,*ǭ̠˙gъlʼь,*ọ̠̄˙gъlʼь,,*ọ̠̄˙gъ2lʼь1,,,*ọ̠̄gъ2lʼь1,*ū̠gъ2lʼь1,,,,,,,,,,*ū̠gъ2lʼ,,,,*ū̠golʼ,,,,,,,,,,,,,*u̠golʼ,,u̠gəlʼ,,,,,,
удвo̠или (1) / udvo̠ilʼi,*awdwajī̠˙luj,,,*ọ̄dwajī̠˙lī,,,,,,,,,,,,,,,,,,,,*ọ̄dwojī̠˙lī,,,,,*ọ̄dwojī̠˙li,,,*ọ̄dwojī̠˙lʼi,,,,,,*ọ̄dwojī̠lʼi,*ūdwojī̠lʼi,,,,*ūdwoi̠lʼi,*ūdwo̠jlʼi,*ūdwô̠ilʼi,,,,,,,,,,,*ūdvô̠ilʼi,,,,,,,,,,*udvô̠ilʼi,,,,,,udvo̠ilʼi,,
удвo̠или (2) / udvo̠ilʼi,*awdwa̠jī˙luj,,,*ọ̄dwa̠jī˙lī,,,,,,,,*ọ̄dwajī̠˙luj,,,,,,,,,,,,*ọ̄dwojī̠˙lī,,,,,*ọ̄dwojī̠˙li,,,*ọ̄dwojī̠˙lʼi,,,,,,*ọ̄dwojī̠lʼi,*ūdwojī̠lʼi,,,,*ūdwoi̠lʼi,*ūdwo̠jlʼi,*ūdwô̠ilʼi,,,,,,,,,,,*ūdvô̠ilʼi,,,,,,,,,,*udvô̠ilʼi,,,,,,udvo̠ilʼi,,
y̠мер / u̠mʼɪr,*awmirlu,,,*ọ̄mirlu,,,,,,,,,,,,,,,,,,,,,,,,*ọ̄mьrlъ,,,*ọ̄mьrьlъ,*ọ̄mʼьrlъ,,,*ọ̄mʼь2rlъ1,,,,*ūmʼь2rlъ,,,,,,,,,,*ūmʼь2rl,,,,*ūmʼerl,*ū̠mʼerl,,,,,,,,,,,,*u̠mʼerl,,*u̠mʼɪrl,u̠mʼɪr,,,,"vgl. yмерла̠, y̠мерло",
yмерлa̠ / umʼɪrla̠,*awmirlā̠˙,,,*ọ̄mirlā̠˙,,,,,,,,,,,,,,,,,,,,,,,,*ọ̄mьrlā̠˙,*ọ̄mьrla̠,,,*ọ̄mʼьrla̠,,,*ọ̄mʼь2rla̠,,,,*ūmʼь2rla̠,,,,,,,,,,,,,,*ūmʼerla̠,,,,,,,,,,,,,*umʼerla̠,,umʼɪrla̠,,,,,"vgl. y̠мер, y̠мерло",
y̠мерло / u̠mʼɪrlə,*awmirla,,,*ọ̄mirla,,,,,,,,,,,,,,,,,,,,*ọ̄mirlo,,,,*ọ̄mьrlo,,,,*ọ̄mʼьrlo,,,*ọ̄mʼь2rlo,,,,*ūmʼь2rlo,,,,,,,,,,,,,,*ūmʼerlo,*ū̠mʼerlo,,,,,,,,,,,,*u̠mʼerlo,,u̠mʼɪrlə,,,,,"vgl. y̠мер, yмерлa̠",
ухa̠ / uxa̠,*ja̠wxā˙,,*je̠wxā˙,*jọ̠̄xā˙,,,,,,,,*jọ̄xā̠˙,,,,,,,,,,,,,,,,,*jọ̄xa̠,,,,,,,,,,*jūxa̠,,,*ūxa̠,,,,,,,,,,,,,,,,,,,,,,,,uxa̠,,,,,,,,
хлe̠б / xlʼe̠p,*xla̠j˙bu,,,*xlē̠˙bu,,,,,,,,,,,,,,,,,,,,,,,*xlě̠̄˙bu,*xlě̠̄˙bъ,,,,*xlʼě̠̄˙bъ,,,*xlʼě̠̄˙bъ1,,,*xlʼě̠̄bъ1,,,,,,,,,,,*xlʼě̠̄b,,,,,,,,*xlʼě̠̄p,,,,,,,,,*xlʼě̠p,,,,,xlʼe̠p,,,
хитё̠р / xʼitʼo̠r,*xū̠˙tru,,,,,,,,,,,,,,,,,*xȳ̠˙tru,,,,,,,,,,*xȳ̠˙trъ,,,*xȳ̠˙tьrъ,*xȳ̠˙tʼьrъ,,,*xȳ̠˙tʼь2rъ1,,,*xȳ̠tʼь2rъ1,,,,,,,,,,,*xȳ̠tʼь2r,,,,*xȳ̠tʼer,,,,,,,*xȳtʼo̠r,,,,*xītʼo̠r,*xʼītʼo̠r,xʼitʼo̠r,,,,,,,,
хочy̠ / xʌču̠,*xa̠tjān,,*xa̠tjēn,,*xa̠tjān,,,,,,,*xatjā̠n,,,,*xatja̠n,,,*xatˊja̠n,,,*xačja̠n,,*xočjo̠n,,*xočjǭ̠,,,*xočjǫ̠,*xočǫ̠,,,*xočọ̠,,,,,,*xoču̠,,,,,,,,,,,,,,,,,,,,,,,,,,,,,xʌču̠,,,,,,
ценa̠ / cəna̠,*kajnā̠˙,,,*kēnā̠˙,,,,*tˊēnā̠˙,,,,,,*cʼēnā̠˙,,,,,,,,,,,,,*cʼě̄nā̠˙,,*cʼě̄na̠,,,,,,,,,,,,,,,,,,,,,,,,,,,,,,,,*cě̄na̠,,,,,*cěna̠,,cəna̠,,,,,vgl. цe̠ну,
цe̠ну / ce̠nu,*kajnān,,,*kēnān,,,,*tˊēnān,,,,,,*cʼēnān,,*cʼēnan,,,,,,,,*cʼēnon,,*cʼēnǭ,*cʼě̄nǭ,,*cʼě̄nǫ,,,,*cʼě̄nọ,,,,,,*cʼě̄nu,,,,,,,,,,,,,,,*cʼě̠̄nu,,,,,,,*cě̠̄nu,,,,,*cě̠nu,,,,,ce̠nu,,vgl. ценa̠,
цвё̠л / cvʼo̠l,*kwi̠tlu,,,,,,,*tˊwi̠tlu,,,,*tˊwitlu̠,,*cʼwitlu̠,,,,,,,*cʼwilu̠,,,,,,,*cʼwьlъ̠,,,,*cʼwʼьlъ̠,,,*cʼwʼь2lъ̠1,,*cʼwʼь̠2lъ1,,,,,,,,,,,,*cʼwʼь̠2l,,,,*cʼwʼe̠l,,,*cʼvʼe̠l,,,,*cʼvʼo̠l,cvʼo̠l,,,,,,,,,,,,"vgl. цвелo̠, цвe̠т",
цвелo̠ / cvʼɪlo̠,*kwi̠tla,,,,,,,*tˊwi̠tla,,,,*tˊwitla̠,,*cʼwitla̠,,,,,,,*cʼwila̠,,,*cʼwilo̠,,,,*cʼwьlo̠,,,,*cʼwʼьlo̠,,,*cʼwʼь2lo̠,,,,,,,,,,*cʼwʼь2lô̠,,,,,,,,*cʼwʼelô̠,,,*cʼvʼelô̠,,,,,*cvʼelô̠,,,,,,,*cvʼɪlô̠,,,,cvʼɪlo̠,"vgl. цвё̠л, цвe̠т",
цвe̠т / cvʼe̠t,*kwajtu,,,*kwētu,,,,*tˊwētu,,,,,,*cʼwētu,,,,,,,,,,,,,*cʼwě̄tu,*cʼwě̄tъ,,,,*cʼwʼě̄tъ,,,*cʼwʼě̄tъ1,,,,,,,,,,,,,,*cʼwʼě̄t,,,,,*cʼwʼě̠̄t,,*cʼvʼě̠̄t,,,,,*cvʼě̠̄t,,,,,*cvʼě̠t,,,,,cvʼe̠t,,"vgl. цвё̠л, цвелo̠",
чa̠д / ča̠t,*čē˙du,,,,*čā˙du,,,,,,,,*čādu,,,,,,,,,,,,,,,*čādъ,,,,,,,*čādъ1,,,,,,,,,,,,,,*čād,,,,,*čā̠d,,,*čā̠t,,,,,,,,,ča̠t,,,,,,,,
чa̠с / ča̠s,*čē̠˙su,,,,*čā̠˙su,,,,,,,,,,,,,,,,,,,,,,,*čā̠˙sъ,,,,,,,*čā̠˙sъ1,,,*čā̠sъ1,,,,,,,,,,,*čā̠s,,,,,,,,,,,,,,,,,ča̠s,,,,,,,,
чемерu̠ца / čɪmʼɪrʼi̠cə,*čemerī̠˙kā˙,*čemerī̠˙tˊā˙,*čemerī̠˙tˊē˙,,*čemerī̠˙tˊā˙,,,,,,,,*čemerī̠˙tˊā,*čemerī̠˙cʼā,,,,,,,,,,,,,,,*čemerī̠˙cʼa,,,*čemʼerʼī̠˙cʼa,,,,,,,,,,,,,,,,,,,,,,,,,,,,,*čemʼerʼī̠ca,,,,,*čemʼerʼi̠ca,,čɪmʼɪrʼi̠cə,,,,,,
чe̠реп / če̠rʼɪp,*čerpu,,,,,,,,,,,,,,,,,,,,,,*čerepu,,,,,*čerepъ,,,,*čerʼepъ,,,*čerʼepъ1,,,,,,,,,,,,,,*čerʼep,,,,,*če̠rʼep,,,,,,,,,,,,,,če̠rʼɪp,,,,,,Vor § 22 entlehnt ist lit. čer̃pe.
чтo̠ / ṡto,*čita,,,,,,,,,,,,,,,,,,,,,,,*čito,,,,*čьto,,,,,,,*čь1to,,,,,,,,,,,,,,*čto,,*što,,,*što̠,,,,ṡto̠,,,,,,,,,,,,,,,vgl. ктo̠,
чy̠до / ču̠də,*čja̠w˙da,,*čje̠w˙da,*čjọ̠̄˙da,,,,,,,,,,,,,,,,,,,,*čjọ̠̄˙do,,,,,,*čọ̠̄˙do,,,,,,,,*čọ̠̄do,*čū̠do,,,,,,,,,,,,,,,,,,,,,,,,,,,*ču̠do,,ču̠də,,,,,,
чy̠ете / ču̠jɪtʼɪ,*čja̠w˙jete,,*čje̠w˙jete,*čjọ̠̄˙jete,,,,,,,,,,,,,,,,,,,,,,,,,,*čọ̠̄˙jete,,*čọ̠̄˙jetʼe,,,,,,*čọ̠̄jetʼe,*čū̠jetʼe,,,,,,,,,,,,,,,,,,,,,,,,,,,*ču̠jetʼe,,ču̠jɪtʼɪ,,,,,,
шe̠я / ṡe̠jɪ,*sjū̠˙jā˙,,*sjī̠˙jē˙,,*sjī̠˙jā˙,,,,,,,,*sjī̠˙jā,,,,,,*šjī̠˙jā,,,,,,,,,,*šjī̠˙ja,*šī̠˙ja,,,,,,,,*šī̠ja,,,*šь̠2ja,,,,,,,,,,,,*še̠ja,,,,,*ṡe̠ja,,,,,,,,,,ṡe̠jɪ,,,,,,
шлю̠ / ṡlʼu̠,*su̠ljān,,*su̠ljēn,,*su̠ljān,,,,,,,*suljā̠n,,,,*sulja̠n,,,*sulˊja̠n,,,,,,,*sulˊjǭ̠,,*sъlˊjǭ̠,*sъlˊjǫ̠,*sъlˊǫ̠,,,*sъlˊọ̠,,*sъ1lˊọ̠,,,,*sъ1lˊu̠,,,,,,,,,,*slˊu̠,*šlˊu̠,,*šlʼu̠,,,,,,ṡlʼu̠,,,,,,,,,,,,,,,,
шмe̠ль / ṡmʼe̠lʼ,*čime̠li,,,,,,,,,,,*čimeli̠,,,,,,,,,,,,,,,,*čьmelь̠,,,,*čьmʼelʼь̠,,,*čь1mʼelʼь̠1,,*čь1mʼe̠lʼь1,,,,,,,,,,,,*čmʼe̠lʼ,,*šmʼe̠lʼ,,,,,,,ṡmʼe̠lʼ,,,,,,,,,,,,,,,vgl. mit anderem Ablaut комa̠р,
шолo̠м / ṡʌlo̠m,*še̠l˙mu,,,,,,,,,,,,,,,,,,,*ša̠l˙mu,,,*šala̠mu,*šolo̠mu,,,,*šolo̠mъ,,,,,,,*šolo̠mъ1,,,,,,,,,,*šolô̠mъ1,,,,*šolô̠m,,,,,,,,,*ṡolô̠m,,,,,,,,,,*ṡʌlô̠m,,,,ṡʌlo̠m,,Nach § 19 aber vor § 22 entlehnt ist lit. šálmas.
шu̠ло / ṡy̠lə,*sjū̠˙dla,,*sjī̠˙dla,,,,,,,,,,,,,,,,*šjī̠˙dla,,*šjī̠˙la,,,*šjī̠˙lo,,,,,,*šī̠˙lo,,,,,,,,*šī̠lo,,,,,,,,,,,,,,,,,,,,*ṡī̠lo,,,,,*ṡȳ̠lo,,,*ṡy̠lo,,ṡy̠lə,,,,,,
щu̠т / šši̠t,*šče̠jtu,,,*ščẹ̠̄tu,,,*ščī̠tu,,,,,*ščītu̠,,,,,,,,,,,,,,,,*ščītъ̠,,,,,,,*ščītъ̠1,,*ščī̠tъ1,,,,,,,,,,,,*ščī̠t,,,,,,,,,,,,,,,,,*šči̠t,,,,šši̠t,,,vgl. щитa̠,
щитa̠ / ššita̠,*šče̠jtā,,,*ščẹ̠̄tā,,,*ščī̠tā,,,,,*ščītā̠,,,,,,,,,,,,,,,,,*ščīta̠,,,,,,,,,,,,,,,,,,,,,,,,,,,,,,,,,,,,,*ščita̠,,,,ššita̠,,,vgl. щu̠т,
щy̠ка / ššu̠kə,*ščja̠w˙kā˙,,*ščje̠w˙kā˙,*ščjọ̠̄˙kā˙,,,,,,,,,*ščjọ̠̄˙kā,,,,,,,,,,,,,,,,*ščjọ̠̄˙ka,*ščọ̠̄˙ka,,,,,,,,*ščọ̠̄ka,*ščū̠ka,,,,,,,,,,,,,,,,,,,,,,,,,,,*šču̠ka,,*šču̠kə,,ššu̠kə,,,,
я̠блоко / ja̠bləkə,*ā̠˙bluka,,,,,,,,,,,,,,,,,,,,,,,*ā̠˙bluko,*jā̠˙bluko,,,*jā̠˙blъko,,,,,,,*jā̠˙blъ2ko,,,*jā̠blъ2ko,,,,,,,,,,,,,,,*jā̠bloko,,,,,,,,,,,,,*ja̠bloko,,ja̠bləkə,,,,,,
я̠вор / ja̠vər,*ā̠˙waru,,,,,,,,,,,,,,,,,,,,,,,*ā̠˙woru,*jā̠˙woru,,,*jā̠˙worъ,,,,,,,*jā̠˙worъ1,,,*jā̠worъ1,,,,,,,,,,,*jā̠wor,,,,,,,*jā̠vor,,,,,,,,,,*ja̠vor,,ja̠vər,,,,,,
язы̠к / jɪzy̠k,*inzū̠˙ku,,,,,,,,,,,,,,,,,*inzȳ̠˙ku,,,,,,,*jinzȳ̠˙ku,*ję̄zȳ̠˙ku,,*ję̄zȳ̠˙kъ,,,,,*jāzȳ̠˙kъ,,*jāzȳ̠˙kъ1,,,*jāzȳ̠kъ1,,,,,,,,,,,*jāzȳ̠k,,,,,,,,,,,,,,,,,*jazy̠k,,jɪzy̠k,,,,,,