Cr.,PSl.,1,2,3,4,5,6,7,8,9,10,11,12,13,14,15,16,17,18,19,20,21,22,23,24,25,26,27,28,29,30,31,32,33,34,35,36,37,38,39,40,41,42,43,44,45,46,47,48,49,50,51,52,53,54,55,56,57,58,59,60,61,62,63,64,65,66,67,68,69,70,71
bèzūmlje / be̠.zūml´e,*beza̠wmija,,*beza̠wmije,*bezō̠mije,,,,,,,,,*bezōmi̠je,,,,,*bezūmi̠je,,,,,,,,*bezūmь̠je,,,,,,,,,,,,*bezū̠·mьje,,,,,,,,,,,,*bezū̠·mje,,,,,,,,,,*bezū̠·mlje,,,,,,*bezū̠·ml´e,,,*bezū̠ml´e,be̠.zūml´e,,
bijêdan / bıē̠dan,*ba̠jdinu,,,*bē̠dinu,,,,,,,,,*bēdi̠nu,,,,,,,,,,,,*bědi̠nu,*bědь̠nъ,,,,,,,,,,,,*bě̠·dьnъ,,*bě̠·dьnь,,,,,,,,,,*bě̠·dьn,,,,,,*bě̠·dan,,,,,*bıē̠·dan,,,,,,,,bıē̠dan,,,
bîlje / bī̠l´e,*bū̠˙lija,,*bū̠˙lije,,,,,,,,,,,,,*by̠˙lije,,,,,,,,,,*by̠˙lьje,,,,,,,,,,,,,*bī̠˙lьje,,,,,*bi̠lь-je,,,,,,*bi̠lje,,,,,,,,,,,,,,,,bī̠l´e (with lengthening analogically to the type zdrā̠vl´e or stıē̠ńe?),,,,,,
bȉo / bi̠o,*bē̠lu,,,,,,,,,,,,*bēlu̠,,,,,,,,,,,,*bělu̠,*bělъ̠,,,,,,,,,,,,*bě̠·lъ,,*bě̠·lь,,,,,,,,,,*bě̠·l,,,,,,,,*bī̠·l,,,,,,,bi̠o (besides analogical bıē̠l),,,,,,,
bȍb / bo̠b,*ba̠bu,,,,,,,,,,,,*babā̠,,,,,,,,,,,*bobu̠,,*bobъ̠,,,,,,,,,,,,*bo̠bъ,,*bo̠bь,,,,,,,,,,*bo̠b,,,,,,,,,,,,,,,,,,,,,,
bȍb / bo̠.ba,*ba̠bā,,,,,,,,,,,,*babā̠,,,,,,,,,,,*bobā̠,,,,,,,,*boba̠,,,,,,,,,,,,,,,,,,,,,,,,,,,,,,,,,,,,,,bo̠.ba,,
bôg / bō̠g,*bagu,,,,,,,,,,,,,,,,,,,,,,,*bogu,,*bogъ,,,,*bōgъ,*bō̠gъ,,,,,,,,,*bō̠gь,,,,,,,,,,bō̠g,,,,,,,,,,,,,,,,,,,,,,
bȍlesno / bo̠lesno,*balestina,,,,,,,,,,,,,,,,,,,,,,,*bolestino,,*bolestьno,,,,,*bo̠lestьno,,,,,,,,,,,,,,,,,,,*bo̠lestno,,,bo̠lesno,,,,,,,,,,,,,,,,,,,
brȁća / bra̠ća,*brā̠˙tijā˙,,*brā̠˙tijē˙,,*brā̠˙tijā˙,,,,,,,,,,,,,,,,,,,,,*brā̠˙tьjā˙,,,,,,*brā̠˙tьja,,,,,,,,,,,,*bra̠tьja,,,,,,*bra̠tja,,,,,,,,,,,,,,,,*bra̠t´a,,,,,,bra̠ća
bràdat / bra̠.dat,*bardā̠˙tu,,,,,,,,,,,,,,,,,,,,*brādā̠˙tu,,,,,*brādā̠˙tъ,,,,,,,,,,,,,,*brādā̠˙tь,,*bradā̠˙tь,,*brada̠tь,,,,,,*brada̠t,,,,,,,,,,,,,,,,,,,,bra̠.dat,,
brȁt / bra̠t,*brā̠˙t(r)u,,,,,,,,,,,,,,,,,,,,,,,,,*brā̠˙tъ,,,,,,,,,,,,,,*brā̠˙tь,,,,*bra̠tь,,,,,,bra̠t,,,,,,,,,,,,,,,,,,,,,,
brȅza / bre̠za,*be̠r˙zā˙,,,,,,,,,,,,,,,,,,,,*brē̠˙zā˙,,,,*brě̠˙za,,,,,,,,,,,,,,,,,,,*brě̠za,,,,,,,,,,,,,,,,,bre̠za,,,,,,,,,,,
búditi / bū̠.diti,*ba̠wdī˙tēj ,,,*bō̠dī˙tī,,,,,,,,,*bōdī̠˙tī,,,,,(*bō˙dī̠˙tī >) *būdī̠˙tī,,,,,,,,,,,,,,*būdī̠˙ti,,,,,,,,,,,,*būdi̠ti,,,,,,,,,,,,,,,,,,,,,,,,,,bū̠.diti,,
bùha / bu̠.xa,*blu̠xā˙,,,,,,,,,,,,*bluxā̠˙,,,,,,,,,,,,,*blъxā̠˙,,*blxā̠˙,,,,*blxa̠,,,,,,,,,,,,,,,,,,,,,,,,,,,,,,,*buxa̠,,,,,,,bu̠.xa,,
bȕra / bu̠ra,*ba̠w˙rjā˙,,*ba̠w˙rjē˙,*bō̠˙rjē˙,*bō̠˙rjā˙,,,,,,,,,,,,,*bū̠˙rjā˙,,,,,,,,,,,,,,*bū̠˙rja,,*bū̠˙r’a,,,,,,,,,,*bu̠r’a,,,,,,,,,,,,,,,,,,bu̠ra,,,,,,,,,,
cijéna / cıē̠.na,*kajnā̠˙,,,*kēnā̠˙,,,,*t´ēnā̠˙,,,,,,,,,*cēnā̠˙,,,,,,,,*cěnā̠˙,,,,,,,*cěna̠,,,,,,,,,,,,,,,,,,,,,,,,,,,,,*cıēna̠,,,,,,,,,cıē̠.na,,
crijêp / crıē̠p,*čerpu,,,,,,,,,,,,,,,,,,,,*črēpu,,,,*črěpu,*črěpъ,,,,,*črě̠pъ,,,,,,,,,*črě̠pь,,,,,,,,,,*črě̠p,,,,,,,,,,,*črıē̠p,,,crıē̠p,,,,,,,,
cȓn / cr̠n,*či̠rnu,,,,,,,,,,,,*čirnu̠,,,,,,,,,,,,,*čьrnъ̠,,*črnъ̠,,,,,,,,,,*čr̠·nъ,,*čr̠·nь,,,,,,,,,,*čr̠·n,,,,,,,,,,,,,,*cr̠·n,,,,,cr̠n,,,
cvàlo / cva̠.lo,*kwi̠tla,,,,,,*kβi̠tla,*t´βi̠tla,,,,,*t´βitla̠,,,,*cβitla̠,,,*cβila̠,,,,*cβilo̠,,*cβьlo̠,,,,,,,,,,,,,,,,,,,,,,,,,,,,,,*cβalo̠,,,,,,,,,,,,,,*cβa̠.lo,cva̠.lo,
cvȁo / cva̠o,*kwi̠tlu,,,,,,*kβi̠tlu,*t´βi̠tlu,,,,,*t´βitlu̠,,,,*cβitlu̠,,,*cβilu̠,,,,,,*cβьlъ̠,,,,,,,,,,,,*cβь̠lъ,,*cβь̠lь,,,,,,,,,,*cβь̠l,,,,,,*cβa̠l,,,,,,,,,*cβa̠o,,,,,,cva̠o,
cvijêt / cvıē̠t,*kwajtu,,,*kwētu,,,*kβētu,*t´βētu,,,,,,,,,*cβētu,,,,,,,,*cβětu,*cβětъ,,,,,*cβě̠tъ,,,,,,,,,*cβě̠tь,,,,,,,,,,*cβě̠t,,,,,,,,,,,*cβıē̠t,,,,,,,,,,cvıē̠t,
čađ / čā̠đ,*čē˙dji,,,,*čā˙dji,,,,,,,*čādji,,,,,,,,,,,,,,*čādjь,,,,,*čā̠djь,,,*čā̠d´ь,,,,,,,,,,,,,,,,*čā̠d´,,,,,,,,,,,,,,,,,,,,,,čā̠d
čađu / čā̠đu,*čē˙djijān˙,,*čē˙djijēn˙,,*čā˙djijān˙,,,,,,,*čādjijān,,,,,,,,,,,*čād-jijan,*čādjijon,,*čādjьjon,,,*čādjьjō˛,,*čā̠djьjō˛,*čā̠djьjo˛,,*čā̠d´ьjo˛,,,,,,,,,,,,,,,*čā̠d´ьju,*čā̠d´ju,,,,,,,,,,,,,,,,*čā̠d´u,,,,,,čā̠d-u
čȁs / ča̠s,*čē̠˙su,,,,*čā̠˙su,,,,,,,,,,,,,,,,,,,,,*čā̠˙sъ,,,,,,,,,,,,,,*čā̠˙sь,,,,*ča̠sь,,,,,,ča̠s,,,,,,,,,,,,,,,,,,,,,,
čȅmēr / če̠mēr,*čemeru,,,,,,,,,,,,,,,,,,,,,,,,,*čemerъ,,,,*čemērъ,*če̠mērъ,,,,,,,,,*če̠mērь,,,,,,,,,,če̠mēr,,,,,,,,,,,,,,,,,,,,,,
čȅonī / če̠onī,*če̠linuju,,*če̠linuji,,,,,,,,,,*čeli̠nuji,,,,,,,,,,,,,*čelь̠nъjь,,,,,,,*čelь̠ny,,,,,*če̠lьny,*če̠lьnī,,,,,,,,,,,*če̠lnī,,,,,,,,,,,,,,,če̠onī ,,,,,,,
čȕdo / ču̠do,*čja̠w˙da,,,*čjō̠˙da,,,,,,,,,,,,,,*čjū̠˙da,,,,,,*čjū̠˙do,,,,,,,,,,*čū̠˙-do,,,,,,,,,,ču̠do,,,,,,,,,,,,,,,,,,,,,,,,,,,,
čȕjēte / ču̠jēte,*čja̠w˙jete,,,*čjō̠˙jete,,,,,,,,,,,,,,*čjū̠˙jete,,,,,,,,,,,,,,,,*čū̠˙jete,,,,,,,,,,ču̠jēte (lengthening of the theme vowel analogically to the je/o-verbs of AP b),,,,,,,,,,,,,,,,,,,,,,,,,,,,
dân / dā̠n,*dini,,,,,,,,,,,,,,,,,,,,,,,,,*dьnь,,,,*dьnь,*dь̠nь,,,,,,,,,,,,,,,,,,,*dь̠n,,,,,,dā̠n,,,,,,,,,,,,,,,,
dȁšćē / da̠šćē,*duxutjeti,,,,,,,,,,,,*duxu̠tjeti,,,,,,,,,,,,,*dъxъ̠tjetь,,,,,*dъ̠xъtjetь,,,*dъxъ̠t´ētь,,,,*dъ̠xъt´ētь,,*dь̠xьt´ētь,,,,,,,,,,*dь̠xt´ēt,,*dь̠št´ēt,,,,*da̠št´ēt and with irregular loss of word-final -t: *da̠št´ē,,,,,,,,,,,,,,,,da̠šćē
dȁžd / da̠žd,*du̠zdju,,*du̠zdji,,,,,,,,,,*duzdji̠,,,,,,,,,,,,,*dъzdjь̠,,,,,,,,*dъžd´ь̠ (with analogical reversal of Kortlandt's compensatory lengthening),,,,*dъ̠žd´ь,,*dь̠žd´ь,,,,,,,,*dь̠ždь,,*dь̠žd,,,,,,da̠žd,,,,,,,,,,,,,,,,
dȉm / di̠m,*dū̠˙mu,,,,,,,,,,,,,,,*dy̠˙mu,,,,,,,,,,*dy̠˙mъ,,,,,,,,,,,,,*dī̠˙mъ,*dī̠˙mь,,,,*di̠mь,,,,,,di̠m,,,,,,,,,,,,,,,,,,,,,,
dlȁn / dla̠n,*da̠l˙ni,,,,,,,,,,,,,,,,,,,,*dlā̠˙ni,,,,,*dlā̠˙nь,,,,,,,,,,,,,,,,,,*dla̠nь,,,,,,dla̠n,,,,,,,,,,,,,,,,,,,,,,
dlijéto / dlıē̠.to,*de̠lta,,,,,,,,,,,,*delta̠,,,,,,,,*dlēta̠,,,*dlēto̠,*dlěto̠,,,,,,,,,,,,,,,,,,,,,,,,,,,,,,,,,,,,*dlıēto̠,,,,,,,,,dlıē̠.to,,
dȍbar / do̠bar,*da̠bru,,,,,,,,,,,,*dabru̠,,,,,,,,,,,*dobru̠,,*dobrъ̠,*dobьrъ̠ and with analogical loss of the epenthetic vowel again *dobrъ̠,,,,,,,,,,,*do̠brъ,,*do̠brь,,,,,,,*do̠bьrь,,,*do̠bьr,,,,,,do̠bar,,,,,,,,,,,,,,,,
dȍbrī / do̠brī,*da̠bruju,,*da̠bruji,,,,,,,,,,*dabru̠ji,,,,,,,,,,,*dobru̠ji,,*dobrъ̠jь,,,,,,,*dobry̠,,,,*do̠bry,,do̠brī,,,,,,,,,,,,,,,,,,,,,,,,,,,,,,,,,
dȑšćē / dr̠šćē,*druxutjeti,,,,,,,,,,,,*druxu̠tjeti,,,,,,,,,,,,,*drъxъ̠tjetь,,*drxъ̠tjetь,,,*dr̠xъtjetь,,,*drxъ̠t´ētь,,,,*dr̠xъt´ētь,,*dr̠xьt´ētь,,,,,,,,,,*dr̠xt´ēt,,*dr̠št´ēt and with irregular loss of word-final -t: *dr̠št´ē,,,,,,,,,,,,,,,,,,,,dr̠šćē
dȕg / du̠g,*di̠l˙gu,,,,,,,,,,,,,,,,,,,,,,,,,*di̠l˙gъ,,*d̠l˙gъ,,,,,,,,,,,,*d̠l˙gь,,,,*dl̠gь,,,,,,*dl̠g,,,,,,,,,,,,,du̠g ‘lang’,,,,,,,,,
dùžnīk / du̠.žnīk,*dildžine̠jku,,,*dildžinī̠ku,,,,,,,,,*dildžinī̠ku̠,,,,,,*dilžinī̠ku̠,,,,,,,*dьlžьnī̠kъ̠,,*dlžьnīkъ̠,,,,,,,,,,*dlžьnī̠·kъ,,*dlžьnī̠·kь,,*dlžьnī̠·kь,,,,,,,,*dlžnī̠·k,,,,,,,,,,,,,*dužnī̠·k,,,,,,*dužnī̠k,du̠.žnīk,,
dial. dv`ìzati / dvi̠zati,*dwe̠j˙gā˙tēj,*dwe̠j˙d´ā˙tēj,*dwe̠j˙d´ē˙tēj,*dwī̠˙d´ē˙tī̠,*dwī̠˙d´ā˙tī,,*dβī̠˙d´ā˙tī,,,,,,,,,,*dβī̠˙dzā˙tī,,,,,,,,,,,,,,,*dβī̠˙dzā˙ti,,,,*dβī̠˙zā˙ti,,,,,,,,*dβi̠zati,,,,,,,,,,,,,,,,,,,,,,,,,,,dial. dvi̠zati,
gláva / glā̠.va,*gal˙wā̠˙,,,,,,*gal˙βā̠˙,,,,,*galβā̠˙,,,,,,,,,*glāβā̠˙,,,,,,,,,,,*glāβa̠,,,,,,,,,,,,,,,,,,,,,,,,,,,,,,,,,,,,,,*glā̠.βa,glā̠.va,
glâvu / glā̠vu,*gal˙wān,,,,,,*gal˙βān,,,,,*galβān,,,,,,,,,*glāβān,,*glāβan,*glāβon,,,,,*glāβō˛,,*glā̠βō˛,*glā̠βo˛,,,,,,,,,,,,,,,,,*glā̠βu,,,,,,,,,,,,,,,,,,,,,,glā̠vu,
gȍvōr / go̠vōr,*gawaru,,,,,,*gaβaru,,,,,,,,,,,,,,,,,*goβoru,,*goβorъ,,,,*goβōrъ,*go̠βōrъ,,,,,,,,,*go̠βōrь,,,,,,,,,,*go̠βōr,,,,,,,,,,,,,,,,,,,,,go̠vōr,
grâd / grā̠d,*gardu,,,,,,,,,,,,,,,,,,,,*grādu,,,,,*grādъ,,,,,*grā̠dъ,,,,,,,,,*grā̠dь,,,,,,,,,,grā̠d,,,,,,,,,,,,,,,,,,,,,,
grȉjati / gri̠jati,*grē̠˙jā˙tēj,,*grē̠˙jē˙tēj,*grē̠˙jē˙tī,*grē̠˙jā˙tī,,,,,,,,,,,,,,,,,,,,*grě̠˙jā˙tī,,,,,,,*grě̠˙jā˙ti,,,,,,,,,,,,*grě̠jati,,,,,,,,,,,,,,,gri̠jati,,,,,,,,,,,,,
gȑlo / gr̠lo,*gu̠r˙dla,,,,,,,,,,,,,,,,,,,*gu̠r˙la,,,,*gu̠r˙lo,,*gъ̠r˙lo,,*gr̠˙lo,,,,,,,,,,,,,,,,"gr̠lo, G sg. gr̠la",,,,,,,,,,,,,,,,,,,,,,,,,,,,
gȑoce / gr̠oce,*gu̠r˙dlika,*gu̠r˙dlit´a,*gu̠r˙dlit´e,,,,,,,,,,,,,,*gu̠r˙dlice,,,*gu̠r˙lice,,,,,,*gъ̠r˙lьce,,*g r̠˙lьce,,,,,,,,,,,,,,,,*gr̠lьce,,,,,,*gr̠lce,,,,,,,,,,,,,,,gr̠oce,,,,,,,
gúmno / gū̠.mno,*gawmi̠na,,,*gōmi̠na,,,,,,,,,*gōmina̠,,,,,*gūmina̠,,,,,,*gūmino̠,,*gūmьno̠,,,,,,,,,,,,,,,,,,,,,,,,*gūmno̠,,,,,,,,,,,,,,,,,,,,gū̠.mno,,
gvȍžden / gvo̠žden,*gwazdjenu,,,,,,*gβazdjenu,,,,,,,,,,,,,,,,,*gβozdjenu,,*gβozdjenъ,,,,,*gβo̠zdjenъ,,,*gβo̠žd´enъ,,,,,,*gβo̠žd´enь,,,,,,,,*gβo̠ždenь,,*gβo̠žden,,,,,,,,,,,,,,,,,,,,,gvo̠žden,
hòću / xo̠.ću,*xa̠tjān,,*xa̠tjēn,,*xa̠tjān,,,,,,,,*xatjā̠n,,,,,,,,,,*xatja̠n,*xotjo̠n,,,,,*xotj̠ō˛,,,*xotj̠o˛,,*xot´̠o˛ (with analogial reversal of Kortlandt's compensatory lengthening),,,,,,,,,,,,,,,*xot´u̠,,,,,,,,,,,,,,,,,,,,,*xo̠.t´u,,xo̠.ću
Hr̀vāt / Xr̠.vāt,*Xruwā̠tu,,,,,,*Xruβā̠tu,,,,,,*Xruβātu̠,,,,,,,,,,,,,*Xrъβātъ̠,,*Xrβātъ̠,,,,,,,,,,*Xrβā̠·tъ,,*Xrβā̠·tь,,,,,,,,,,*Xrβā̠·t,,,,,,,,,,,,,,,,,,,*Xrβā̠t,*Xr̠.βāt,Xr̠.vāt,
Hrváti / Xr-vā̠.ti,*Xruwā̠tuj,,,*Xruwā̠tī,,,*Xruβā̠tī,,,,,,*Xruβātī̠,,,,,,,,,,,,,*Xrъβātī̠,,*Xrβātī̠,,,,*Xrβāti̠,,,,,,,,,,,,,,,,,,,,,,,,,,,,,,,,,,,,,,*Xrβā̠.ti,Xrvā̠.ti,
ìgra / i̠.gra,*i̠grā˙,,,,,,,,,,,,*igrā̠˙,,,,,,,,,*jigrā̠˙,,,,*jьgrā̠˙,,,,,,*jьgra̠,,,,,,,,,*igra̠,,,,,,,,,,,,,,,,,,,,,,,,,,,,,i̠.gra,,
ìmati / i̠.mati,*imā̠˙tēj,,,*imā̠˙tī,,,,,,,,,,,,,,,,,,*jimā̠˙tī,,,,*jьmā̠˙tī,,,,,,*jьmā̠˙ti,,,,,,,,,*imā̠˙ti,,,*ima̠ti,,,,,,,,,,,,,,,,,,,,,,,,,,i̠.mati,,
ȉva / i̠va,*e̠j˙wā˙,,,*ī̠˙wā˙,,,*ī̠˙βā˙,,,,,,,,,,,,,,,,,,,,,,,,,*ī̠˙βa,,,,,,,,,,,,*i̠βa,,,,,,,,,,,,,,,,,,,,,,,,,,,i̠va,
j`àvōr / ja̠vōr,*ā̠˙waru,,,,,,*ā̠˙βaru,,,,,,,,,,,,,,,*jā̠˙βaru,,*jā̠˙βoru,,*jā̠˙βorъ,,,,,,,,,,,,,,*jā̠˙βorь,,,,*ja̠βorь,,,,,,*ja̠βor,,,,,,,*ja̠βōr,,,,,,,,,,,,,,ja̠vōr,
jèlen / je̠.len,*e̠leni,,,,,,,,,,,,*ele̠ni,,,,,,,,,*jele̠ni,,,,*jele̠nь,,,,,,,,,,,,,,,,,,,,,,,,*jele̠n,,,,,,,,,,,,,,,,,,,,je̠.len,,
jèsam / je̠.sam,*esmi̠,,,,,,,,,,,,,,,,,,,,,*jesmi̠,,,,*jesmь̠,*jesьmь̠,,,,,,,,,,,*jesь̠mь,,,,,,,,,,,,*jesь̠m,,,,,,*jesa̠m,,,,,,,,,,,,,,je̠.sam,,
jȅsti / je̠sti,*ē̠˙stēj,,,*ē̠˙stī,,,,,,,,,,,,,,,,,,*jē̠˙stī,,,*jě̠˙stī,,,,,,,*jě̠˙sti,,,,,,,,,,,,*jě̠sti,,,,,,,,,,,,,,,,,je̠sti,,,,,,,,,,,
jèzik / je̠.zik,*inzū̠˙ku,,,,,,,,,,,,,,,*inzy̠˙ku,,,,,,*jinzy̠˙ku,,,,*jьnzy̠˙kъ,,,*języ̠˙kъ,,,,,,,,,,*jęzī̠˙kъ,*jęzī̠˙kь,,*ję-zī̠˙kь,,*jęzi̠kь,,,,,*jezi̠kь,*jezi̠k,,,,,,,,,,,,,,,,,,,,je̠.zik,,
júha / jū̠.xa,*ja̠wxā˙,,*je̠wxā˙,*jō̠xā˙,,,,,,,,,*jōxā̠˙,,,,,*jūxā̠˙,,,,,,,,,,,,,,*jūxa̠,,,,,,,,,,,,,,,,,,,,,,,,,,,,,,,,,,,,,,jū̠.xa,,
jùnāk / ju̠.nāk,*jawnā̠ku,,*jewnā̠ku,*jōnā̠ku,,,,,,,,,*jō-nāku̠,,,,,*jūnāku̠,,,,,,,,*jūnākъ̠,,,,,,,,,,,,*jūnā̠·kъ,,*jūnā̠·kь,,*junā̠·kь,,,,,,,,*junā̠·k,,,,,,,,,,,,,,,,,,,*junā̠k,ju̠.nāk,,
júsi / jū̠.si,*ja̠wxāj,,*je̠wxāj,*jō̠xē,,,,*jō̠śē,,*jō̠sē,,,*jōsē̠,,,,,*jūsē̠,,,,,,,*jūsě̠,,,,,,,*jūsě̠ and with *-i from the soft stems *jūsi̠,,,,,,,,,,,,,,,,,,,,,,,,,,,,,,,,,,,,,,jū̠.si,,
kȁmēn / ka-̠mēn,*kā̠˙meni,,,,,,,,,,,,,,,,,,,,,,,,,*kā̠˙menь,,,,,,,,,,,,,,,,,,*ka̠menь,,,,,,*ka̠men,,,,,,,ka̠mēn,,,,,,,,,,,,,,,
kćêr / kćē̠r,*dukteri,,,,,,,,,,,,,*duk´t´eri,,,,,,,,,,,,*dъk´t´erь,,,,*dъk´t´ērь,*dъ̠k´t´ērь,,,,*dъ̠t´ērь,,,,,*dь̠t´ērь,,,,,,,,,,*dt´ē̠r,,*tt´ē̠r,,*kt´ē̠r,,,,,,,,,,,,,,,,,,kćē̠r
kćî / kćī̠,*duktī,,,,,,,,,,,,,*duk´t´ī,,,,,,,,,,,,*dъk´t´ī,,,,,*dъ̠k´t´ī,*dъ̠k´t´i,,,*dъ̠t´i,,,,,*dь̠t´i,,,,,,,,,,*dt´ī̠,,*tt´ī̠,,*kt´ī̠,,,,,,,,,,,,,,,,,,kćī̠
kȍkōš / ko̠kōš,*kakaši,,,,,,,,,,,,,,,,,,,,,,,*kokoši,,*kokošь,,,,*kokōšь,*ko̠kōšь,,,,,,,,,,,,,,,,,,,ko̠kōš,,,,,,,,,,,,,,,,,,,,,,
kȍnj / ko̠ń,*ka̠nju,,*ka̠nji,,,,,,,,,,*kanji̠,,,,,,,,,,,*konji̠,,*konjь̠,,,,,,,,*końь̠ (with analogical reversal of Kortlandt's compensatory lengthening),,,,*ko̠ńь,,,,,,,,,,,,ko̠ń,,,,,,,,,,,,,,,,,,,,,,
kònji / ko̠.ńi,*ka̠njuj,,*ka̠njij,*ka̠njī,,,,,,,,,*kanjī̠,,,,,,,,,,,*konjī̠,,,,,,,,*konji̠,,*końi̠,,,,,,,,,,,,,,,,,,,,,,,,,,,,,,,,,,,,ko̠.ńi,,
kòrito / ko̠.r ̠ito,*karū̠˙ta,,,,,,,,,,,,,,,*kary̠˙ta,,,,,,,,*kory̠˙to,,,,,,,,,,,,,,,*korī̠˙to,,,,,*kori̠to,,,,,,,,,,,,,,,,,,,,,,,,,,ko̠.r ̠ito,,
kȍzjā / ko̠zjā,*ka̠zijā˙jā˙,,*ka̠zijē˙jē˙,,*ka̠zijā˙jā˙,,,,,,,,*kazi̠jā˙jā˙ ,,,,,,,,,,,*kozi̠jā˙jā˙,,*kozь̠jā˙jā˙,,,,,,*kozь̠jā˙ja,*kozь̠jā,,,,,*ko̠zьjā,,,,,,,,,,,,ko̠zjā,,,,,,,,,,,,,,,,,,,,,,
kȍzjī / ko̠zjī,*ka̠zijuju,,*ka̠zijiji,,,,,,,,,,*kazi̠jiji,,,,,,,,,,,*kozi̠jiji,,*kozь̠jьjь,,,,,,,*kozь̠jī,,,,,*ko̠zьjī,,,,,,,,,,,,ko̠zjī,,,,,,,,,,,,,,,,,,,,,,
krâj / krā̠j,*krā̠˙ju,,*krā̠˙ji,,,,,,,,,,,,,,,,,,,,,,,*krā̠˙jь,,,,,,,,,,,,,,,,,,*kra̠jь,,,,,,*kra̠j,,,,,,,,,,,,,,,,,,krā̠j,,,,
krâsan / krā̠san,*krā̠sinu,,,,,,,,,,,,*krāsi̠nu,,,,,,,,,,,,,*krāsь̠nъ,,,,,,,,,,,,*krā̠·sьnъ,,*krā̠·sьnь,,,,,,,,,,*krā̠·sьn,,,,,,*krā̠·san,,,,,,,,,,,,,krā̠san,,,
kȓv / kr̠v,*kruwi,,,,,,*kruβi,,,,,,,,,,,,,,,,,,,*krъβь,,*krβь,,*krβь,*kr̠βь,,,,,,,,,,,,,,,,,,,*kr̠β,,,,,,,,,,,,,,,,,,,,,kr̠v,
kȑvāv / kr̠vāv,*kruwā˙wu,,,,,,*kruβā˙βu,,,,,*kruβāβu,,,,,,,,,,,,,,*krъβāβъ,,*krβāβъ,,,*kr̠βāβъ,,,,,,,,,*kr̠βāβь,,,,,,,,,,*kr̠βāβ,,,,,,,,,,,,,,,,,,,,,kr̠vāv,
kùpina / ku̠.pina,*kampī̠˙nā˙,,,,,,,,,,,,*kampī̠˙nā˙,,,,,,,,,,,*kompī̠˙nā˙,,,,,*kō˛pī̠˙nā˙,,,*kō˛pī̠˙na,,,,,,,,,,*ko˛pī̠˙na,,*ko˛pi̠na,,,,,*ku-pi̠na,,,,,,,,,,,,,,,,,,,,,ku̠.pina,,
lâkat / lā̠kat,*alkuti,,,,,,,,,,,,,,,,,,,,*lākuti,,,,,*lākъtь,,,,,*lā̠kъtь,,,,,,,,,*lā̠kьtь,,,,,,,,,,*lā̠kьt,,,,,,lā̠kat,,,,,,,,,,,,,,,,
lâkat / lā̠kat,*alkutī,,,,,,,,,,,,,,,,,,,,*lākutī,,,,,*lākъtī,,,,,*lā̠kъtī,*lā̠kъti,,,,,,,,*lā̠kьti,,,,,,,,,,†lā̠kti,,,,,,,,,,,,,,,,,,,,,,
lȁne / la̠ne,*a̠l˙nen˙,,,,,,,,,,*lā̠˙nen˙,,,,,,,,,,,,,,,,,,*lā̠˙nę˙,,,*lā̠˙nę,,,,,,,,,,,,*la̠nę,,,,,la̠ne,,,,,,,,,,,,,,,,,,,,,,,
lêd / lē̠d,*ledu,,,,,,,,,,,,,,,,,,,,,,,,,*ledъ,,,,*lēdъ,*lē̠dъ,,,,,,,,,*lē̠dь,,,,,,,,,,lē̠d,,,,,,,,,,,,,,,,,,,,,,
lȅda / le̠da,*ledā,,,,,,,,,,,,,,,,,,,,,,,,,,,,,,*le̠dā,le̠da,,,,,,,,,,,,,,,,,,,,,,,,,,,,,,,,,,,,,,,,
líce / lī̠.ce,*le̠jka,*le̠jt´a,*le̠jt´e,*lī̠t´e,,,,,,,,,*līt´e̠,,,,*līce̠,,,,,,,,,,,,,,,,,,,,,,,,,,,,,,,,,,,,,,,,,,,,,,,,,,,,,lī̠.ce,,
lùkav / lu̠.kav,*lankā̠˙wu,,,,,,*lankā̠˙βu,,,,,,,,,,,,,,,,,*lonkā̠˙βu,,*lonkā̠˙βъ,,,*lō˛kā̠˙βъ,,,,,,,,,,,*lō˛kā̠˙βь,,*lo˛kā̠˙βь,,*lo˛ka̠βь,,,,,*luka̠βь,*luka̠β,,,,,,,,,,,,,,,,,,,,*lu̠.kaβ,lu̠.kav,
ljȅto / l´e̠to,*lē̠˙ta,,,,,,,,,,,,,,,,,,,,,,,*lē̠˙to,*l ě̠˙to,,,,,,,,,,,,,,,,,,,*lě̠to,,,,,,,,,,,,,,,,,*lıe̠to,,,,,l´e̠to,,,,,,
ljûbljen / l´ū̠bl´en,*lja̠wbjenu,,,*ljō̠bjenu,,,,,*ljō̠bljenu,,,,*ljōblje̠nu,,,,,*ljūblje̠nu,,,,,,,,*ljūblje̠nъ,,,,,,,,*l´ūbl´ē̠nъ,,,*l´ū̠·bl´ēnъ (with secondary shortening of *ē analogically to Aps a and c),,,*l´ū̠·bl´enь,,,,,,,,,,*l´ū̠·bl´en,,,,,,,,,,,,,,,,,,,l´ū̠bl´en,,,
màlina / ma̠.lina,*mālī̠˙nā˙,,,,,,,,,,,,,,,,,,,,,,,,,,,,,,,*mālī̠˙na,,,,,,,,,,*malī̠˙na,,*mali̠na,,,,,,,,,,,,,,,,,,,,,,,,,,ma̠.lina,,
mèđa / me̠.đa,*medjā̠˙,,*medjē̠˙,,*medjā̠˙,,,,,,,,,,,,,,,,,,,,,,,,,,,*med-ja̠,,*med´a̠ (with analogical reversal of Kortlandt's compensatory lengthening),,,,,,,,,,,,,,,,,,,,,,,,,,,,,,,,,,,,*me̠.d´a,,me̠.d-a
mî / mī̠,*mū˙,,,,,,,,,,,*mū,,,,*my,,,,,,,,,,,,,,,*my̠,,,,,,,,mī̠,,,,,,,,,,,,,,,,,,,,,,,,,,,,,,,,,
mȉšjī / mi̠šjī,*mū̠˙šijuju,,*mū̠˙šijiji,,,,,,,,,,,,,*my̠˙šijiji,,,,,,,,,,*my̠˙šьjьjь,,,,,,,*my̠˙šьjī,,,,,,*mī̠˙šьjī,,,,,*mi̠šьjī,,,,,,mi̠šjī,,,,,,,,,,,,,,,,,,,,,,
mîšlju / mī̠šl´u,*mū˙slijān˙,,*mū˙slijēn˙,,*mū˙slijān˙,,,,,,,*mūslijān,,,,*myslijān,,,,,,,*myslijan,*myslijon,,*myslьjon,,,*myslьjō˛,,*my̠slьjō˛,*my̠slьjo˛,,,,,,,*mī̠slьjo˛,,,,,,,,,,*mī̠slьju,*mī̠slju,,,,,,,,,,,,,,,,mī̠šl´u,,,,,,
mjȅsēc / mje̠sēc,*mē̠˙sinku,*mē̠˙sińt´u,*mē̠˙sińt´i,,,,,,,,,,,,,,*mē̠˙sinci,,,,,,,,*mě̠˙sinci,*mě̠˙sьncь,,,*mě̠˙sęcь,,,,,,,,,,,,,,,*mě̠sęcь,,,,,*mě̠sēcь,*mě̠sēc,,,,,,,,,,,*mıe̠sēc,,,,,,mje̠sēc,,,,,
mjȅsečnī / mje̠sečnī,*mē̠˙sińčinuju,,*mē̠˙sińčinuji,,,,,,,,,,,,,,,,,,,,,,*mě̠˙sińčinuji,*mě̠˙sьńčьnъjь,,,*mě̠˙sęčьnъjь,,,,*mě̠˙sęčьny,,,,,,*mě̠˙sęčьnī,,,,*mě̠˙sęčьnī,*mě̠sęčьnī,,,,,*mě̠sečьnī,*mě̠sečnī,,,,,,,,,,,*mıe̠sečnī,,,,,,mje̠sečnī,,,,,
mlâd / dial. mladī̠,*malduju̠,,*malduji̠,,,,,,,,,,,,,,,,,,*mlāduji̠,,,,,*mlādъjь̠,,,,,,,*mlādy̠·,,,,,,*mlādī̠·,,,*mladī̠·,,,,,,,,,,,,,,,,,,,,,,,,,,,dial. mladī̠,,,
mlȁdōst / mla̠dōst,*maldasti,,,,,,,,,,,,,,,,,,,,*mlādasti,,,*mlādosti,,*mlādostь,,,,*mlādōstь,*mlā̠dōstь,,,,,,,,,,,,,,*mla̠dōstь,,,,,mla̠dōst,,,,,,,,,,,,,,,,,,,,,,
mlâtī / mlā̠tī,*ma̠ltejti,,,*ma̠ltīti,,,,,,,,,*maltī̠ti,,,,,,,,*mlātī̠ti,,,,,*mlātī̠tь,,,,,,,,,,,*mlā̠·tītь,,,,,,,,,,,,,*mlā̠·tīt and with irregular loss of word-final *-t: *mlā̠·tī,,,,,,,,,,,,,,,,,,,mlā̠tī,,,
mlijéko / mlıē̠.ko,*me̠lka,,,,,,,,,,,,*melka̠,,,,,,,,*mlēka̠,,,*mlēko̠,*mlěko̠,,,,,,,,,,,,,,,,,,,,,,,,,,,,,,,,,,,,*mlıēko̠,,,,,,,,,mlıē̠.ko,,
môć / mō̠ć,*makti,,,,,,,,,,,,,*mak´t´i,,,,,,,,,,*mok´t´i,,*mok´t´ь,,,,*mōk´t´ь,*mō̠k´t´ь,,,,*mō̠t´ь,,,,,,,,,,,,,,,*mō̠t´,,,,,,,,,,,,,,,,,,,,,,mō̠ć
mòći / mo̠.ći,*ma̠ktēj,,,*ma̠ktī,,,,,,,,,*maktī̠,*mak´t´ī̠,,,,,,,,,,*mok´t´ī̠,,,,,,,,*mok´t´i̠,,,*mot´i̠,,,,,,,,,,,,,,,,,,,,,,,,,,,,,,,,,,,*mo̠.t´i,,mo̠.ći
mȍgao / mo̠gao,*ma̠glu,,,,,,,,,,,,*maglu̠,,,,,,,,,,,*moglu̠,,*moglъ̠,*mogьlъ̠ and analogically again *moglъ̠,,,,,,,,,,,*mo̠glъ,,*mo̠glь,,,,,,,*mo̠gьlь,,,*mo̠gьl,,,,,,*mo̠gal,,,,,,,,,mo̠gao,,,,,,,
môj / mō̠j,*ma̠ju,,*ma̠ji,,,,,,,,,,,,,,,,,,,,,*mo̠ji,,*mo̠jь,,,,,,,,,,,,,,,,,,,,,,,,*mo̠j,,,,,,,,,,,,,,,,,,mō̠j,,,,
mòja / mo̠.ja,*ma̠jā˙,,*ma̠jē˙,,*ma̠jā˙,,,,,,,,*ma̠jā̠˙,,,,,,,,,,,*mo̠jā̠˙,,,,,,,,*mo̠ja̠,,,,,,,,,,,,,,,,,,,,,,,,,,,,,,,,,,,,,,mo̠.ja,,
mòje / mo̠.je,*ma̠ja,,*ma̠je,,,,,,,,,,*maje̠,,,,,,,,,,,*mo̠je̠,,,,,,,,,,,,,,,,,,,,,,,,,,,,,,,,,,,,,,,,,,,,,,mo̠.je,,
mȕčan / mu̠čan,*ma̠ń˙činu,,,,,,,,,,,,,,,,,,,,,,,*mo̠ń˙činu,,*mo̠ń˙čьnъ,,,*m̠ō˛˙čьnъ,,,,,,,,,,,*m̠ō˛˙čьnь,,,,*m̠o˛čьnь,,,,,*mu̠čьnь,*mu̠čьn,,,,,,mu̠čan ‘mühsam’,,,,,,,,,,,,,,,,
mȕka / mu̠ka,*ma̠n˙kā˙,,,,,,,,,,,,,,,,,,,,,,,*mo̠n˙kā˙,,,,,*m̠ō˛˙kā˙,,,*m̠ō˛˙ka,,,,,,,,,,,,*m̠o˛ka,,,,,mu̠ka ‘Mühe’,,,,,,,,,,,,,,,,,,,,,,,
náći / nā̠.ći,*nā i̠tēj,,,*nā i̠tī,,,,,,,,,*nā itī̠,,,,,,,,,*nā jitī̠,,,,*nājьtī̠,,,,,,*nājьti̠,,,,,,,,,,,,,,,,,,*nājti̠,,,,,,,,,,,,,,,,*nāt´i̠,,,,*nā̠.t´i,,"nā̠.ći, today nā̠ći "
náđi / nā̠.đi,*nā i̠duj˙,,,*nā i̠dī˙,,,,,,,,,*nā idī̠˙,,,,,,,,,*nā jidī̠˙,,,,*nājьdī̠˙,,,,,,*nājьdi̠,,,,,,,,,,,,,,,,,,*nājdi̠,,,,,,,,,,,,,,,,*nād´i̠,,,,*nā̠.d´i,,nā̠.di
nȁ glāvu / na̠ glāvu,*nā gal˙wān,,,,,,*nā gal˙βān,,,,,*nā galβān,,,,,,,,,*nā glāβān,,*nā glāβan,*nā glāβon,,,,,*nā glāβō˛,,*nā̠ glāβō˛,*nā̠ glāβo˛,,,,,,,,,,,,,*na̠ glāβo˛,,,,*na̠ glāβu,,,,,,,,,,,,,,,,,,,,,,na̠ glāvu,
nȁ nogu / na̠ nogu,*nā nagān,,,,,,,,,,,,,,,,,,,,,,*nā nagan,*nā nogon,,,,,*nā nogō˛,,*nā̠ nogō˛,*nā̠ nogo˛,,,,,,,,,,,,,*na̠ nogo˛,,,,na̠ nogu,,,,,,,,,,,,,,,,,,,,,,,
nȅbo / ne̠bo,*neba,,,,,,,,,,,,,,,,,,,,,,,*nebo,,,,,,,ne̠bo,,,,,,,,,,,,,,,,,,,,,,,,,,,,,,,,,,,,,,,,,
nôć / nō̠ć,*nakti,,,,,,,,,,,,,*nak´t´i,,,,,,,,,,*nok´t´i,,*nok´t´ь,,,,*nōk´t´ь,*nō̠k´t´ь,,,,*nō̠t´ь,,,,,,,,,,,,,,,*nō̠t´,,,,,,,,,,,,,,,,,,,,,,nō̠ć
nȍću / no̠ću ,*naktijān˙,,*naktijēn˙,,*naktijān˙,,,,,,,*naktijān,,*nak´t´i-jān,,,,,,,,,*nak´t´ijan,*nok´t´ijon,,*nok´t´ьjon,,,*nok´t´ьjō˛,,*no̠k´t´ьjō˛,*no̠k´t´ьjo˛,,,*no̠t´ьjo˛,,,,,,,,,,,,,,*no-̠t´ьju,*no̠t´ju,,,,,,,,,,,,,,,,*no̠t´u,,,,,,no̠ću 
nȍkat / no̠gat,*naguti,,,,,,,,,,,,,,,,,,,,,,,*noguti,,*nogъtь,,,,,*no̠gъtь,,,,,,,,,*no̠gьtь,,,,,,,,,,*no̠gьt,,,,,,no̠gat and with *k from the other case forms Cr. no̠kat,,,,,,,,,,,,,,,,
njèmica / ńe̠.mica,*nēmī̠˙kā˙,*nēmī̠˙t´ā˙,*nēmī̠˙t´ē,,*nēmī̠˙t´ā˙,,,,,,,,,,,,*nēmī̠˙cā˙,,,,,,,,*němī̠˙cā˙,,,,,,,*němī̠˙ca,,,,,,,,,,*němī̠˙ca,,*němi̠ca,,,,,,,,,,,,,,,,,*nıemi̠ca,,,,,*ńemi̠ca,,,,ńe̠.mica,,
òca / o̠.ca,*ati̠kā,*ati̠t´ā,*ati̠t´ē,,*ati̠t´ā,,,,,,,,*atit´ā̠,,,,*aticā̠,,,,,,,*oticā̠,,*otьcā̠,,,,,,*otьca̠,,,,,,,,,,,,,,,,,,*otca̠,,,*oca̠,,,,,,,,,,,,,,,,,o̠.ca,,
ȍganj / o̠gań ,*a̠gńi ,,,,,,,,,,,,*agńi̠,,,,,,,,,,,*ogńi̠,,*ogńь̠,*ogьńь̠ and analogically again *ogń ь̠,,,,,,,,,,,*o̠gńь,,,,,,,,,*o̠gьńь,,,*o̠gьń,,,,,,o̠gań ,,,,,,,,,,,,,,,,
ȍko / o̠ko,*aka,,,,,,,,,,,,,,,,,,,,,,,*oko,,,,,,,o̠ko,,,,,,,,,,,,,,,,,,,,,,,,,,,,,,,,,,,,,,,,,
olúja / olū̠.ja,*ala̠wjā˙,,*ala̠wjē˙,*alō̠jē˙,*alō̠jā˙,,,,,,,,*alōjā̠˙,,,,,*alūjā̠˙,,,,,,*olūjā̠˙,,,,,,,,*olūja̠,,,,,,,,,,,,,,,,,,,,,,,,,,,,,,,,,,,,,,olū̠.ja,,
ôs / ō̠s,*asi,,,,,,,,,,,,,,,,,,,,,,,*osi,,*osь,,,,*ōsь,*ō̠sь,,,,,,,,,,,,,,,,,,,ō̠s,,,,,,,,,,,,,,,,,,,,,,
òsnōvno / o̠.snōvno,*a̠snawina,,,,,,*a̠snaβina,,,,,,*asna̠βina,,,,,,,,,,,*osno̠βino,,*osno̠βьno,,,,,,,,,,,,,,,,,,,,,,,,*osno̠βno,,,,,,,,,,,,,,,,,,*osnō̠βno,,*o̠.snōβno,o̠.snōvno,
òtac / o̠.tac,*ati̠ku,*ati̠t´u,*ati̠t´i,,,,,,,,,,*atit´i̠,,,,*atici̠,,,,,,,*otici̠,,*otьcь̠,,,,,,,,,,,,*otь̠cь,,,,,,,,,,,,*otь̠c,,,,,,*ota̠c,,,,,,,,,,,,,,o̠.tac,,
óvca / ō̠.vca,*awi̠kā˙,*awi̠t´ā˙,*awi̠t´ē˙,,*awi̠t´ā˙,,*aβi̠t´ā˙,,,,,,*aβit´ā̠˙,,,,*aβicā̠˙,,,,,,,*oβicā̠˙,,*oβьcā̠˙,,,,,,*oβьca̠,,,,,,,,,,,,,,,,,,*oβca̠,,,,,,,,,,,,,,,,,,*ōβca̠,,*ō̠.βca,ō̠.vca,
òžujak / o̠.žujak,*ludžja̠w˙juku,,*lu̠džjew˙jiku,*lu̠džjō˙jiku,,,,,,,,,*ludžjō̠˙jiku),,,,,*ludžjū̠˙jiku,*lužjū̠˙jiku,,,,,,,*lъžjū̠˙jьkъ,,*lžjū̠˙jьkъ > *ožjū̠˙jьkъ (cf. § 27),,,,,,*ožū̠˙jьkъ,,,,,,*ožū̠˙jьkь,,,,*ožu̠jьkь,,,,,,*ožu̠jьk,,,,,,*ožu̠jak,,,,,,,,,,,,,,o̠.žujak,,
pȁmetan / pa̠metan,*pā̠˙mintinu,,,,,,,,,,,,,,,,,,,,,,,,,*pā̠˙mьntьnъ,,,*pā̠˙-mętьnъ,,,,,,,,,,,*pā̠˙mętьnь,,,*pā̠˙mętьnь,*pa̠mętьnь,,,,,*pa̠metьnь,*pa̠metьn,,,,,,pa̠metan,,,,,,,,,,,,,,,,
pȁo / pa̠o,*pā̠˙dlu,,,,,,,,,,,,,,,,,,,*pā̠˙lu,,,,,,*pā̠˙lъ,,,,,,,,,,,,,,*pa̠lь,,,,*pa̠lъ,,,,,,*pa̠l,,,,,,,,,,,,,,,pa̠o,,,,,,,
pâs / pā̠s,*pajā˙su,,*pajē˙su,,*pajā˙su,,,,,,,*pajāsu,,,,,,,,,,,,*pojāsu,,*po-jāsъ,,,,,*po̠jāsъ,,*pā̠sъ,,,,,,,*pā̠sь,,,,,,,,,,pā̠s,,,,,,,,,,,,,,,,,,,,,,
pȁsjī / pa̠sjī,*pi̠sijuju,,*pi̠sijiji,,,,,,,,,,*pisi̠jiji,,,,,,,,,,,,,*pьsь̠jьjь,,,,,,,*pьsь̠jī,,,,,*pь̠sьjī,,,,,,,,,,,,*pь̠sjī ,,,,,,pa̠sjī,,,,,,,,,,,,,,,,
pîšē / pī̠šē,*pe̠jsjeti,,,*pī̠sjeti,,,,,,,,,*pīsje̠ti,,,,,,,,,,,,,*pīsje̠tь,,,,,,,,*pīšē̠-tь,,,*pī̠·šētь,,,,,,,,,,,,,*pī̠·šēt and with irregular loss of word-final *-t: *pī̠·šē,,,,,,,,,,,,,,,,,,,pī̠šē,,,
plȅo / ple̠o,*ple̠tlu,,,,,,,,,,,,*pletlu̠,,,,,,,*plelu̠,,,,,,*plelъ̠,,,,,,,,,,,,*ple̠lъ,,*ple̠lь,,,,,,,,,,*ple̠l,,,,,,,,,,,,,,,ple̠o,,,,,,,
plôt / plō̠t,*plaktu,,,,,,,,,,,,,,*platu,,,,,,,,,*plotu,,*plotъ,,,,*plōtъ,*plō̠tъ,,,,,,,,,*plō̠tь,,,,,,,,,,plō̠t,,,,,,,,,,,,,,,,,,,,,,
pȍjās / po̠jās,*pajā˙su,,*pajē˙su,,*pajā˙su,,,,,,,*pajāsu,,,,,,,,,,,,*pojāsu,,*po-jāsъ,,,,,*po̠jāsъ,,,,,,,,,*po̠jāsь,,,,,,,,,,po̠jās,,,,,,,,,,,,,,,,,,,,,,
pȍlje / po̠l´e,*palja,,*palje,,,,,,,,,,,,,,,,,,,,,*polje,,,,,,,*po̠lje,,,po̠l´e,,,,,,,,,,,,,,,,,,,,,,,,,,,,,,,,,,,,,,
pôt / pō̠t,*paktu,,,,,,,,,,,,,,*patu,,,,,,,,,*potu,,*potъ,,,,*pōtъ,*pō̠tъ,,,,,,,,,*pō̠tь,,,,,,,,,,"pō̠t, G sg. po̠ta",,,,,,,,,,,,,,,,,,,,,,
pòzdravljati / po̠.zdravl´ati,*pasuda̠r˙wjā˙tēj,,*pasuda̠r˙wjē˙tēj,*pasuda̠r˙wjē˙tī,*pasuda̠r˙wjā˙tī,,*pasuda̠r˙βjā˙tī,,*pasuda̠r˙βljā˙tī,,,,,,,,,,,,*pasudrā̠˙βljā˙tī,,,*posudrā̠˙βljā˙tī,,*posъdrā̠˙βljā˙tī,,,,,,*posъdrā̠˙βljā˙ti,,*posъdrā̠˙βl´ā˙ti,,,,,,*posьdrā̠˙βl´ā˙ti,,,,*posьdra̠β-l´ati,,,,,,*posdra̠βl´ati,,*pozdra̠βl´ati,,,,,,,,,,,,,,,,,,*po̠.zdraβl´ati,po̠.zdravl´ati,
prȁseta / pra̠seta,*parsen˙te,,,,,,,,,,,,,,,,,,,,*prāsen˙te,,,,,,,,*prāsę˙te,,*prā̠sę˙te,,,,,,,,,,,,,*prā̠sęte,*pra̠sęte,,,,pra̠seta (with the ending adopted from the o-stems),,,,,,,,,,,,,,,,,,,,,,,
pûk / pū̠k,*pulku,,,,,,,,,,,,,,,,,,,,,,,,,*pъlkъ,,*plkъ,,,*p̠lkъ,,,,,,,,,*p̠lkь,,,,,,,,,,*p̠lk,,,,,,,,,,,,,pū̠k,,,,,,,,,
ràkita / ra̠.kita,*arkū̠˙tā˙,,,,,,,,,,,,*arkū̠˙tā˙,,,*arky̠˙tā˙,,,,,*rāky̠˙tā˙,,,,,,,,,,,*rāky̠˙ta,,,,,,,*rākī̠˙ta,,,*rakī̠˙ta,,*ra-ki̠ta,,,,,,,,,,,,,,,,,,,,,,,,,,ra̠.kita,,
rȁlo / ra̠lo,*a̠r˙dla,,,,,,,,,,*rā̠˙dla,,,,,,,,,*rā̠˙la,,,,*rā̠˙lo,,,,,,,,,,,,,,,,,,,,"ra̠lo ‘Pflug’ (Istrien, Vrbnik)",,,,,,,,,,,,,,,,,,,,,,,,,,,,
rȁnjen / ra̠ńen,*rā̠˙njenu,,,,,,,,,,,,,,,,,,,,,,,,,*rā̠˙njenъ,,,,,,,,*rā̠˙ńenъ,,,,,,*rā̠˙ńenь,,,,*ra̠ńenь,,,,,,ra̠ńen,,,,,,,,,,,,,,,,,,,,,,
ràtaj / ra̠.taj,*ar˙t ā̠˙ju,,*a̠r˙tāji,,,,,,,,*rā̠˙tāji,*rātā̠˙ji,,,,,,,,,,,,,,*rā̠˙tājь,,,,,,,,,,,,,,,,*ratā̠˙jь,,*ra̠-tājь,,,,,,*ra-ta̠j,,,,,,,,,,,,,,,,,,,,Cf. ra̠.taj,,
rèći / re̠.ći,*re̠ktēj,,,*re̠ktī,,,,,,,,,*rektī̠,*rek´-t´ī̠,,,,,,,,,,,,,,,,,,*rek´t´i̠,,,*ret´i̠,,,,,,,,,,,,,,,,,,,,,,,,,,,,,,,,,,,*re̠.t´i,,re̠.ći
rȉba / ri̠ba,*rū̠˙bā˙,,,,,,,,,,,,,,,*ry̠˙bā˙,,,,,,,,,,,,,,,,*ry̠˙ba,,,,,,,*rī̠˙ba,,,,,ri̠ba,,,,,,,,,,,,,,,,,,,,,,,,,,,,
rôg / rō̠g,*ragu,,,,,,,,,,,,*ragā̠,,,,,,,,,,,*rogā̠,,*rogъ,,,,*rōgъ,*rō-̠gъ,*roga̠,,,,,,,,*rō̠gь,,,,,,,,,,rō̠g,,,,,,,,,,,,,,,,,,,,,,
ȓt  / r̠t,*rutu,,,,,,,,,,,,,,,,,,,,,,,,,*rъtъ,,*rtъ,,* rtъ,* r̠tъ,,,,,,,,,*r̠tь,,,,,,,,,,r̠t,,,,,,,,,,,,,,,,,,,,,,
rûjan / rū̠jan,*rjaw˙jinu,,*rjew˙jinu,*rjō˙jinu,,,,,,,,*rjō-jinu,,,,,,*rjūjinu,,,,,,,,*rjūjьnъ,,,,,*rjū̠jьnъ,,,*r’ū̠jьnъ,,,,,,*r’ū̠jьnь,,,,,,,,,,*r’ū̠jьn,,,,,,*r’ū̠jan,,,,,,rū̠jan,,,,,,,,,,
rûku / rū̠ku,*rankān,,,,,,,,,,,,,,,,,,,,,,*rankan,*ronkon,,,,,*rō˛kō˛,,*r̠ō˛kō˛,*r̠ō˛ko˛,,,,,,,,,,,,,,,,,rū̠ku,,,,,,,,,,,,,,,,,,,,,,,
sȁn / sa̠n,*su̠nu,,,,,,,,,,,,*sunu̠,,,,,,,,,,,,,*sъnъ̠,,,,,,,,,,,,*sъ̠nъ,,*sь̠nь,,,,,,,,,,*sь̠n,,,,,,sa̠n,,,,,,,,,,,,,,,,
sȉjati / si̠jati,*sē̠˙jā˙tēj,,*sē̠˙jē˙tēj,*sē̠˙jē˙tī,*sē̠˙jā˙tī,,,,,,,,,,,,,,,,,,,,*sě̠˙jā˙tī,,,,,,,*sě̠˙jā˙ti,,,,,,,,,,,,*sě̠jati,,,,,,,,,,,,,,,si̠jati,,,,,,,,,,,,,
sîn / sī̠n,*sū˙nu,,,,,,,,,,,*sūnu,,,,*synu,,,,,,,,,,*synъ,,,,,*sy̠nъ,,,,,,,,*sī̠nъ,*sī̠nь,,,,,,,,,,sī̠n,,,,,,,,,,,,,,,,,,,,,,
sjȁti / sja̠ti,*sijā̠˙tēj,,*sijē̠˙tēj,*sijē̠˙tī,*sijā̠˙tī,,,,,,,,,,,,,,,,,,,,,*sьjā̠˙tī,,,,,,*sьjā̠˙ti,,,,,,,,,,,,*sьja̠ti,,,,,,sja̠ti,,,,,,,,,,,,,,,,,,,,,,
sjèdio / sje̠.dio,*sē˙dē̠˙lu,,,,,,,,,,,,,,,,,,,,,,,,*sě˙d ě̠˙lu,*sě˙d ě̠˙lъ,,,,,,,,,,,,,,*sě˙d ě̠˙lь,,,,*sěd ě̠lь,,,,,,*sědě̠l,,,,,,,,*sě-di̠l,,,*sıedi̠l,,,,*sıedi̠o,,*sjedi̠o,,,sje̠.dio,,
sjèdjeti / sje̠.djeti,*sē˙dē̠˙tēj,,,*sē˙dē̠˙tī,,,,,,,,,,,,,,,,,,,,,*sě˙dě̠˙tī,,,,,,,*sě˙dě̠˙ti,,,,,,,,,,*sě˙dě̠˙ti,,*sědě̠ti,,,,,,,,,,,,,,,,,*sıedıe̠ti,,,,,,*sjedje̠ti,,,sje̠.djeti,,
sjȅvēr / sje̠vēr,*sē̠˙weru,,,,,,*sē̠˙βeru,,,,,,,,,,,,,,,,,,*sě̠˙βeru,*sě̠˙βerъ,,,,,,,,,,,,,,*sě̠˙βerь,,,,*sě̠βerь,,,,,,*sě̠βer,,,,,,,*sě̠βēr,,,,*sıe̠βēr,,,,,,*sje̠βēr,,,,sje̠vēr,
snȁ / sna̠,*su̠nā,,,,,,,,,,,,*sunā̠,,,,,,,,,,,,,*sъnā̠,,,,,,*sъna̠,,,,,,,,*sьna̠,,,,,,,,,,sna̠,,,,,,,,,,,,,,,,,,,,,,
snâ / dial. snā̠,*snuxā̠˙,,,,,,,,,,,,,,,,,,,,,,,,,*snъxā̠˙,,,,,,*snъxa̠,,,,,,,,*snьxa̠,,,,,,,,,,,,,,,,"*snaxa̠ > (contraction, cf. § 32) *snā̠· ",,,,,,,,,,,,,dial. snā̠ ,,,
snàha / sna̠.xa,*snuxā̠˙,,,,,,,,,,,,,,,,,,,,,,,,,*snъxā̠˙,,,,,,*snъxa̠,,,,,,,,*snьxa̠,,,,,,,,,,,,,,,,*snaxa̠,,,,,,,,,,,,,,sna̠.xa,,
sôk / sō̠k,*saku,,,,,,,,,,,,,,,,,,,,,,,*soku,,*sokъ,,,,*sōkъ,*sō̠kъ,,,,,,,,,*sō̠kь,,,,,,,,,,sō̠k,,,,,,,,,,,,,,,,,,,,,,
sȓp / sr̠p,*sirpu,,,,,,,,,,,,,,,,,,,,,,,,,*sьrpъ,,*srpъ,,,*sr̠pъ,,,,,,,,,*sr̠pь,,,,,,,,,,sr̠p,,,,,,,,,,,,,,,,,,,,,,
stârca / stā̠rca,*stā̠˙rikā,*stā̠˙rit´ā,*stā̠˙rit´ē,,*stā̠˙rit´ā,,,,,,,,,,,,*stā̠˙ricā,,,,,,,,,*stā̠˙rьcā,,,,,,*stā̠˙rьca,,,,,,,,,,,,*sta̠rьca,,,,,,*sta̠rca,,,,,,,,,,,,,,,,,,stā̠rca,,,,
stàza / sta̠.za,*sti̠gā˙,*sti̠d´ā˙,*sti̠d´ē˙,,*sti̠d´ā˙,,,,,,,,*stid´ā̠˙,,,,*stidzā̠˙,,,,,,,,,*stьdzā̠˙,,,,,,*stьdza̠,,,,*stьza̠,,,,,,,,,,,,,,,,,,,,*staza̠,,,,,,,,,,,,,,sta̠.za,,
stijênje / stıē̠ńe,*sta̠jnija,,*sta̠jnije,*stē̠nije,,,,,,,,,*stēni̠je,,,,,,,,,,,,*stěni̠je,*stěnь̠je,,,,,,,,,,,,*stě̠·nьje,,,,,,,,,,,,*stě̠·nje,,,,,,,,,,,*stıē̠·nje,,,,,*stıē̠·ńe,,,stıē̠ńe,,,
stô / stō̠,*sta̠lu,,,,,,,,,,,,*stalu̠,,,,,,,,,,,*stolu̠,,*stolъ̠,,,,,,,,,,,,*sto̠lъ,,*sto̠lь,,,,,,,,,,*sto̠l,,,,,,,,,,,,,,,stō̠ ,,,,,,,
strȁšit / stra̠šiti,*strā̠˙šī˙tēj,,,*strā̠˙šī˙tī,,,,,,,,,,,,,,,,,,,,,,,,,,,,*strā̠˙šī˙ti,,,,,,,,,,,,stra̠šiti,,,,,,,,,,,,,,,,,,,,,,,,,,,,
stûpāte / stū̠pāte,*sta̠mpā˙jete,,,,,,,,,,,,*stampā̠˙jete,,,,,,,,,,,*stompā̠˙jete,,,,,*stō˛pā̠˙jete,,,,*stō˛pā̠te,,,,*st̠ō˛·pāte,,,,,,,,,,,,*stū̠·pāte,,,,,,,,,,,,,,,,,,,,stū̠pāte,,,
sûnce / sū̠nce,*su̠l˙nika,*su̠l˙nit´a,*su̠l˙nit´e,,,,,,,,,,,,,,*su̠l˙nice,,,,,,,,,*sъ̠l˙nьce,,*s̠l˙nьce,,,,,,,,,,,,,,,,*sl̠nьce,,,,,,*sl̠nce,,,,,,,,,,,,,*su̠nce,,,,,sū̠nce,,,,
sùza / su̠.za,*slizā̠˙,,,,,,,,,,,,,,,,,,,,,,,,,*slьzā̠˙,,*slzā̠˙,,,,*sl-za̠,,,,,,,,,,,,,,,,,,,,,,,,,,,,,,,*suza̠,,,,,,,su̠.za,,
svànuti / sva̠.nuti,*swi̠nan˙tēj,,,*swi̠nan˙tī,,,*sβi̠nan˙tī,,,,,,*sβina̠n˙tī,,,,,,,,,,,*sβino̠n˙tī,,*sβьno̠n˙tī,,,*sβьn̠ō˛˙tī,,,*sβьn̠ō˛˙ti,,,,,,,,,,,,*sβьn̠o˛ti,,,,,*sβьnu̠ti,,,,,,,*sβanu̠ti,,,,,,,,,,,,,,*sβa̠.nuti,sva̠.nuti,
svȅ / sve̠,*wi̠xa,*wi̠śa,*wi̠śe,,,,*βi̠śe,,,*βi̠se,,,*βi-se̠,,,,,,,,,,,,,*βьse̠,,,,,,,,,,,,,,,,,,,,,,,,*βse̠,*sβe̠,,,,,,,,,,,,,,,,,,,,sve̠,
svêt / svē̠t,*swentu,,,,,,*sβentu,,,,,,,,,,,,,,,,,,,*sβentъ,,,*sβętъ,,*sβ̠ętъ,,,,,,,,,*sβ̠ętь,,,,,,,,,*sβē̠tь,*sβē̠t,,,,,,,,,,,,,,,,,,,,,svē̠t,
svijéći / svıē̠.ći,*swa̠jtjāj,,*swa̠jtjēj,*swē̠tjī,,,*sβē̠tjī,,,,,,*sβētjī̠,,,,,,,,,,,,*sβětjī̠,,,,,,,*sβětji̠,,*sβět´i̠,,,,,,,,,,,,,,,,,,,,,,,,,,,*sβıēt´i̠,,,,,,,,,*sβıē̠.t´i,*svıē̠. t´i,svıē̠.ći
svijéću / svıē̠.ću,*swa̠jtjān,,*swa̠jtjēn,*swē̠tjēn,*swē̠tjān,,*sβē̠t-jān,,,,,,*sβētjā̠n,,,,,,,,,,*sβētja̠n,*sβētjo̠n,*sβětjo̠n,,,,*sβět-j̠ō˛,,,*sβětj̠o˛,,*sβět´̠o˛,,,,,,,,,,,,,,,*sβět̠´u̠,,,,,,,,,,,,*sβıēt̠´u̠,,,,,,,,,*sβıē̠.t̠´u,*svıē̠.t̠´u,svıē̠.ću
šȉlo / ši̠lo,*sjū̠˙dla,,*sjī̠˙dla,,,,,,,,,,,,,,,,,*sjī̠˙la,,,,*sjī̠˙lo,,,,,,,,,,*šī̠˙lo,,,,,,,,,,ši̠lo,,,,,,,,,,,,,,,,,,,,,,,,,,,,
štȍ / što̠,*čita,,,,,,,,,,,,,,,,,,,,,,,*čito,,*čьto,,,,,*čь̠to,,,,,,,,,,,,,,,,,,,*čto̠,,,što̠,,,,,,,,,,,,,,,,,,,
štȕka / štu̠ka,*stja̠w˙kā˙,,*stje̠w˙kā˙,*stjō̠˙kā˙,,,,,,,,,,,,,,*stjū̠˙kā˙,,,,,,,,,,,,,,*stjū̠˙ka,,*št´ū̠˙ka,,,,,,,,,,*št´u̠ka,,,,štu̠ka,,,,,,,,,,,,,,,,,,,,,,,,
tijêk / tıē̠k,*tēku,,,,,,,,,,,,,,,,,,,,,,,,*těku,*těkъ,,,,,*tě̠kъ,,,,,,,,,*tě̠kь,,,,,,,,,,*tě̠k,,,,,,,,,,,tıē̠k,,,,,,,,,,,
tlâk / tlā̠k,*talku,,,,,,,,,,,,,,,,,,,,*tlāku,,,,,*tlākъ,,,,,*tlā̠kъ,,,,,,,,,*tlā̠kь,,,,,,,,,,tlā̠k,,,,,,,,,,,,,,,,,,,,,,
tlápiti / tlā̠.piti,*ta̠lpī˙tēj,,,*ta̠lpī˙tī,,,,,,,,,*talpī̠˙tī,,,,,,,,*tlāpī̠˙tī,,,,,,,,,,,*tlāpī̠˙ti,,,,,,,,,,,,*tlāpi̠ti,,,,,,,,,,,,,,,,,,,,,,,,,,tlā̠.piti,,
trêsao / trē̠sao,*tre̠nslu,,,,,,,,,,,,*trenslu̠,,,,,,,,,,,,,*trenslъ̠,*trensьlъ̠ with analogical change to *trenslъ̠ ,,*tręslъ̠,,,,,,,,,*tr̠ę·-slъ,,*tr̠ę·slь,,,,,,,*tr̠ę·sьlь,,*trē̠·sьlь,*trē̠·sьl,,,,,,*trē̠·sal,,,,,,,,,*trē̠·sao,,,,trē̠sao,,,
ȕ / u̠,*u,,,,,*wu,*βu,,,,,,,,,,,,,,,,,,,*βъ,,,,,*βъ̠,,,,,,,,,*βь̠,,,,,,,,,,*β̠,,,,,u̠,,,,,,,,,,,,,,,,,
ȕgalj / u̠gal´,*a̠n˙glju,,*a̠n˙glji,,,,,,,,,,,,,,,,,,,,,*o̠n˙glji,,*o̠n˙gljь,,,*̠ō˛˙gljь,,,,,*̠ō˛˙gl´ь,,,,,,,,,,*̠o˛gl´ь,,,*̠o˛gьl´ь,,*u̠gьl´ь,*u̠gьl´,,,,,,u̠gal´,,,,,,,,,,,,,,,,
ȕjāk / u̠jāk,*a̠w˙jāku,,*a̠w˙jēku,*ō̠˙jēku,*ō̠˙jāku,,,,,,,,,,,,,*ū̠˙jāku,,,,,,,,*ū̠˙jākъ,,,,,,,,,,,,,,*ū̠˙jākь,,,,*u̠jākь,,,,,,u̠jāk,,,,,,,,,,,,,,,,,,,,,,
ùmišljen / u̠.mišl´en,*awmū̠˙sljenu,,,*ōmū̠˙sljenu,,,,,,,,,,,,*ōmy̠˙sljenu,,*ūmy̠˙sljenu,,,,,,,,*ūmy̠˙sljenъ,,,,,,,,*ūmy̠˙šl´enъ,,,,,*ūmī̠˙šl´enъ,*ūmī̠˙šl´enь,,*umī̠˙šl´enь,,*umi̠šl´enь,,,,,,*umi̠šl´en,,,,,,,,,,,,,,,,,,,,u̠.mišl´en,,
ùmro / u̠m˚ro,*awmirlu,,,*ōmirlu,,,,,,,,,,,,,,*ūmirlu,,,,,,,,*ūmьrlъ,,*ūmrlъ,,,*ū̠mrlъ,,,,,,,,,*ū̠-mrlь,,*u̠mrlь,,,,,,,,*u̠mrl,,,,,,,,,,,,,,,u̠m˚ro,,,,,,,
ùnuk / u̠.nuk,*una̠w˙ku,,,*unō̠˙ku,,*wunō̠˙ku,*βunō̠˙ku,,,,,,,,,,,*βunū̠˙ku,,,,,,,,*βъnū̠˙kъ,,,,,,,,,,,,,,*βьnū̠˙kь,,,,*βьnu̠kь,,,,,,*βnu̠k,,,,,*unu̠k,,,,,,,,,,,,,,,u̠.nuk,,
vî / vī̠,*wū˙,,,,,,*βū˙,,,,,*βū,,,,*βy,,,,,,,,,,,,,,,*βy̠,,,,,,,,*βī̠,,,,,,,,,,,,,,,,,,,,,,,,,,,,,,,,vī̠,
vȉdra / vi̠dra,*ū̠˙drā˙,,,,,*wū̠˙drā˙,*βū̠˙drā˙,,,,,,,,,*βy̠˙drā˙,,,,,,,,,,,,,,,,*βy̠˙dra,,,,,,,*βī̠˙dra,,,,,*βi̠dra,,,,,,,,,,,,,,,,,,,,,,,,,,,vi̠dra,
vijêšću / vıē̠šću,*wajstijān˙,,*wajstijēn˙,*wēstijēn˙,*wēstijān˙,,*βē-stijān˙,,,,,,,,,,,,,,,,*βēstijan˙,,*βěstijan˙,*βěstьjan˙,,,*βěstьjō˛˙,,*βě̠stьjō˛˙,*βě̠stьjo˛,,,,,,,,,,,,,,,,,*βě̠stьju,*βě̠stju,,,,,,,,,,,*βıē̠stju,,,,,*βıē̠št´u,,,,,*vıē̠št´u,vıē̠šću
visòko / viso̠.ko,*ūsa̠ka,,,,,*wūsa̠ka,*βūsa̠ka,,,,,,*βūsaka̠,,,*βysaka̠,,,,,,,,*βysoko̠,,,,,,,,,,,,,,,*βīsoko̠,,,*βisoko̠,,,,,,,,,,,,,,,,,,,,,,,,,,,,*βiso̠.ko,viso̠.ko,
vjêrnī / vjē̠rnī,*wē̠˙rinuju,,*wē̠˙rinuji,,,,*βē̠˙rinuji,,,,,,,,,,,,,,,,,,*βě̠˙rinuji,*βě̠˙rьnъjь,,,,,,,*βě̠˙rьny,,,,,,*βě̠˙rьnī,,,,,*βě̠rьnī,,,,,,*βě̠rnī,,,,,,,,,,,*βıe̠rnī,,,,,,*βje̠rnī,*βjē̠rnī,,,vjē̠rnī,
vjȅtar / vje̠tar,*wē̠˙tru,,,,,,*βē̠˙tru,,,,,,,,,,,,,,,,,,*βě̠˙tru,*βě̠˙trъ,*βě̠˙tьrъ,,,,,,,,,,,,,*βě̠˙tьrь,,,,*βě̠tьrь,,,,,,*βě̠tьr,,,,,,*βě̠tar,,,,,*βıe̠tar,,,,,,*βje̠tar,,,,vje̠tar,
vòda / vo̠.da,*wadā̠˙,,,,,,*βadā̠˙,,,,,,,,,,,,,,,,,*βodā̠˙,,,,,,,,*βoda̠,,,,,,,,,,,,,,,,,,,,,,,,,,,,,,,,,,,,,,*βo̠.da,vo̠.da,
vrȁna / vra̠na,*wa̠r˙nā˙,,,,,,*βa̠r˙nā˙,,,,,,,,,,,,,,*βrā̠˙nā˙,,,,,,,,,,,*βrā̠˙na,,,,,,,,,,,,*βra̠na,,,,,,,,,,,,,,,,,,,,,,,,,,,vra̠na,
vȓblje / vr̠bl´e,*wi̠rbija,,*wi̠rbije,,,,*βi̠rbije,,,,,,*βirbi̠je,,,,,,,,,,,,,*βьrbь̠je,,*βrbь̠je,,,,,,,,,,*βr̠·bьje,,,,,,,,,,,,*βr̠·bje,,,,,,,,,,*βr̠·blje,,,,,,*βr̠·bl´e,,,*βr̠bl´e,,vr̠bl´e,
vrijéći / vrıē̠.ći,*we̠rxtēj,,,*we̠rxtī,,,*βe̠rxtī,,,,,,*βerxtī̠,*βerx´t´ī̠,,,,,,,*βrēx´t´ī̠,,,,*βrěx´t´ī̠,,,,,,,*βrěx´t´i̠,,,*βrět´i̠,,,,,,,,,,,,,,,,,,,,,,,,,,*βrıēt´i̠,,,,,,,,,*βrıē̠.t´i,*vrıē̠.t´i,vrıē̠.ći today vrıē̠ći 
vûci / vū̠ci,*wilkuj,,,*wilkī,,,*βilkī,*βilt´ī,,,,,,,,,*βilcī,,,,,,,,,*βьlcī,,*βlcī,,,*β̠lcī,*β̠lci,,,,,,,,,,,,,,,,,,,,,,,,,,,,,,,*βū̠ci,,,,,,,,vū̠ci,
vûk / vū̠k,*wilku,,,,,,*βilku,,,,,,,,,,,,,,,,,,,*βьlkъ,,*βl̠kъ,,,*βl̠kъ,,,,,,,,,*βl̠kь,,,,,,,,,,*β̠lk,,,,,,,,,,,,,*βū̠k,,,,,,,,vū̠k,
zdrâvlje / zdrā̠vl´e,*suda̠r˙wija,,*suda̠r˙wije,,,,*suda̠r˙βije,,,,,,,,,,,,,,*sudrā̠˙βije,,,,,*sъdrā̠˙βьje,,,,,,,,,,,,,,*sьdrā̠˙βьje,,,,*sьdra̠βьje,,,,,,*sdra̠βje,,*zdra̠βje,,,,,,,,*zdra̠βlje,,,,,,*zdra̠βl´e,,*zdrā̠βl´e,,,zdrā̠vl´e,
zèmlja / ze̠.ml´a,*zemjā̠˙,,*zemjē̠˙,,*zemjā̠˙,,,,*zemlj-ā̠˙,,,,,,,,,,,,,,,,,,,,,,,*zemlja̠,,*zeml´a̠ (with analogical reversal of Kortlandt's compensatory lengthening),,,,,,,,,,,,,,,,,,,,,,,,,,,,,,,,,,,,ze̠.ml´a,,
zȅt / ze̠t,*ze̠n˙ti,,,,,,,,,,,,,,,,,,,,,,,,,*ze̠n˙tь,,,*z̠ę˙tь,,,,,,,,,,,,,,,*z̠ętь,,,,,*ze̠tь,ze̠t,,,,,,,,,,,,,,,,,,,,,,
zíma / zī̠.ma,*zejmā̠˙,,,*zīmā̠˙,,,,,,,,,,,,,,,,,,,,,,,,,,,,*zīma̠,,,,,,,,,,,,,,,,,,,,,,,,,,,,,,,,,,,,,,zī̠.ma,,
zîmu / zī̠mu,*zejmān,,,*zīmān,,,,,,,,,,,,,,,,,,,*zīman,*zīmon,,,,,*zīmō˛,,*zī̠mō˛,*zī̠mo˛,,,,,,,,,,,,,,,,,zī̠mu,,,,,,,,,,,,,,,,,,,,,,,
zìmūs / zi̠.mūs,*zejmān si,,,*zīmān si,,,,,,,,,,,,,,,,,,,*zīman si,*zīmon si,,*zīmon sь,,,*zīmō˛ sь,,*zīmō˛ sь̠,,,,,,,*zīm̠ō˛· sь,,,,*zim̠ō˛· sь,,,,,,,*zimū̠· sь,*zimū̠· s,,,,,,,,,,,,,,,,,,,*zimū̠ s,zi̠.mūs,,
zjȁti / zja̠ti,*zijā̠˙tēj,,*zijē̠˙tēj,*zijē̠˙tī,*zijā̠˙tī,,,,,,,,,,,,,,,,,,,,,*zьjā̠˙tī,,,,,,*zьjā̠˙ti,,,,,,,,,,,,*zьja̠ti,,,,,,zja̠ti,,,,,,,,,,,,,,,,,,,,,,
znȁlačkī / zna̠lačkī,*znā̠˙ličiskuju,,*znā̠˙ličiskuji,,,,,,,,,,,,,,,,,,,,,,,*znā̠˙-lьčьskъjь,,,,,,,*znā̠˙lьčьsky,,,,,,*znā̠˙lьčьskī,,,,,*zna̠lьčьskī,,,,,,*zna̠lьčskī,,,*zna̠lьčkī,,,zna̠lačkī,,,,,,,,,,,,,,,,
znȁo / zna̠o,*znā̠˙lu,,,,,,,,,,,,,,,,,,,,,,,,,*znā̠˙lъ,,,,,,,,,,,,,,*znā̠˙lь,,,,*zna̠lь,,,,,,*zna̠l,,,,,,,,,,,,,,,zna̠o,,,,,,,
zûb / zū̠b,*zambu,,,,,,,,,,,,,,,,,,,,,,,*zombu,,*zombъ,,,*zō˛bъ,,*z̠ō˛bъ,,,,,,,,,*z̠ō˛bь,,,,,,,,,*zū̠bь,zū̠b,,,,,,,,,,,,,,,,,,,,,,
zvijézda / zvıē̠.zda,*gwa̠jzdā˙,,,*gwē̠zdā˙,,,*gβē̠zdā˙,*d´βē̠zdā˙,,,,,*d´βēzdā̠˙,,,,*dzβēzdā̠˙,,,,,,,,*dzβězdā̠˙,,,,,,,*dzβězda̠,,,,*zβězda̠,,,,,,,,,,,,,,,,,,,,,,,,,*zβıēzda̠,,,,,,,,,*zβıē̠.zda,zvıē̠.zda,
žȁo / ža̠o,*džē̠˙lu,,,,*džā̠˙lu,,,,,,,,,,,,,,*žā̠˙lu,,,,,,,*žā̠˙lъ,,,,,,,,,,,,,,*žā̠˙lь,,,,*ža̠lь,,,,,,*ža̠l,,,,,,,,,,,,,,,ža̠o,,,,,,,
ždrijêb / ždrıē̠b,*džerbu,,,,,,,,,,,,,,,,,,*žerbu,,*žrēbu,,,,*žrěbu,*žrěbъ,,,,,*žrě̠bъ,,,,,,,,,*žrě̠bь,,,,,,*ždrě̠bь,,,,*ždrě̠b,,,,,,,,,,,ždrıē̠b,,,,,,,,,,,
ždrijêbe / ždrıē̠be,*džerben˙,,,,,,,,,,,*džerben,,,,,,,*žerben,,*žrēben,,,,*žrěben,,,,*žrěbę,,*žrě̠bę,*žrě̠bę,,,,,,,,,,,,,,*ždrě̠bę,,,*ždrě̠be,,,,,,,,,,,,ždrıē̠be,,,,,,,,,,,
ždrijélo / ždrıē̠.lo,*dže̠rdla,,,,,,,,,,,,*džerdla̠,,,,,,*žerdla̠,*žerla̠,*žrēla̠,,,*žrēlo̠,*žrělo̠,,,,,,,,,,,,,,,,,,,,,*ždrělo̠,,,,,,,,,,,,,,,*ždrıēlo̠,,,,,,,,,ždrıē̠.lo,,
žèna / že̠.na,*dže̠nā˙,,,,,,,,,,,,,,,,,,*ženā̠˙,,,,,,,,,,,,,*žena̠,,,,,,,,,,,,,,,,,,,,,,,,,,,,,,,,,,,,,,že̠.na,,
žîv / žī̠v,*džī˙wu,,,,,,*džī˙βu,,,,,*džīβu,,,,,,,*žīβu,,,,,,,*žīβъ,,,,,*žī̠βъ,,,,,,,,,*žī̠βь,,,,,,,,,,*žī̠β,,,,,,,,,,,,,,,,,,,,,žī̠v,
žlȉca / žli̠ca,*ludžī̠˙kā˙,*ludžī̠˙t´ā˙,*ludžī̠˙t´ē˙,,*ludžī̠˙t´ā˙,,,,,,,,,,,,*ludžī̠˙cā˙,,*lužī̠˙cā˙,,,,,,,*lъžī̠˙cā˙,,*lžī̠˙cā˙,,,,*lžī̠˙ca,,,,,,,,,,,,*lži̠ca,,,,,,,žli̠ca,,,,,,,,,,,,,,,,,,,,,
žmȉrati / žmi̠rati,*midž-,,,,,,,,,,,,,,,,,,*miž-,,,,,,,*mьž-,,,,,,,,,,,,,,,,,,,,,,,,*mži̠rati,žmi̠rati,,,,,,,,,,,,,,,,,,,,,
žùpān / žu̠.pān,*džawpā̠nu,,,*džōpā̠˙nu,,,,,,,,,*džōpānu̠,,,,,*džūpā̠˙nu,*žūpā̠˙nu,,,,,,,*žūpā̠˙nъ,,,,,,,,,,,,*žūpā̠·nъ,,*žūpā̠˙nь,,*župā̠˙nь,,*župa̠nь,,,,,,*župā̠·n,,,,,,,,,,,,,,,,,,,*župā̠n,Cr. žu̠.pān,,